,Person ID,Order ID,Order Date,Ship Date,Ship Mode,Customer ID,Customer Name,Segment,City,State,Country,Postal Code,Market,Region,Product ID,Category,Sub-Category,Product Name,Sales,Quantity,Discount,Profit,Shipping Cost,Order Priority
0,1,CA-2012-124891,2012-07-31,2012-07-31,Same Day,RH-19495,Rick Hansen,Consumer,New York City,New York,United States,10024.0,US,East,TEC-AC-10003033,Technology,Accessories,Plantronics CS510 - Over-the-Head monaural Wireless Headset System,2309.65,7,0.0,762.1844999999998,933.57,Critical
1,1,IN-2013-77878,2013-02-05,2013-02-07,Second Class,JR-16210,Justin Ritter,Corporate,Wollongong,New South Wales,Australia,,APAC,Oceania,FUR-CH-10003950,Furniture,Chairs,"Novimex Executive Leather Armchair, Black",3709.3949999999995,9,0.1,-288.765,923.63,Critical
2,11,IN-2013-71249,2013-10-17,2013-10-18,First Class,CR-12730,Craig Reiter,Consumer,Brisbane,Queensland,Australia,,APAC,Oceania,TEC-PH-10004664,Technology,Phones,"Nokia Smart Phone, with Caller ID",5175.171000000001,9,0.1,919.9709999999997,915.49,Medium
3,6,ES-2013-1579342,2013-01-28,2013-01-30,First Class,KM-16375,Katherine Murray,Home Office,Berlin,Berlin,Germany,,EU,Central,TEC-PH-10004583,Technology,Phones,"Motorola Smart Phone, Cordless",2892.5099999999998,5,0.1,-96.54000000000005,910.16,Medium
4,6,SG-2013-4320,2013-11-05,2013-11-06,Same Day,RH-9495,Rick Hansen,Consumer,Dakar,Dakar,Senegal,,Africa,Africa,TEC-SHA-10000501,Technology,Copiers,"Sharp Wireless Fax, High-Speed",2832.96,8,0.0,311.52,903.04,Critical
5,2,IN-2013-42360,2013-06-28,2013-07-01,Second Class,JM-15655,Jim Mitchum,Corporate,Sydney,New South Wales,Australia,,APAC,Oceania,TEC-PH-10000030,Technology,Phones,"Samsung Smart Phone, with Caller ID",2862.675,5,0.1,763.2750000000001,897.35,Critical
6,11,IN-2011-81826,2011-11-07,2011-11-09,First Class,TS-21340,Toby Swindell,Consumer,Porirua,Wellington,New Zealand,,APAC,Oceania,FUR-CH-10004050,Furniture,Chairs,"Novimex Executive Leather Armchair, Adjustable",1822.0799999999997,4,0.0,564.84,894.77,Critical
7,4,IN-2012-86369,2012-04-14,2012-04-18,Standard Class,MB-18085,Mick Brown,Consumer,Hamilton,Waikato,New Zealand,,APAC,Oceania,FUR-TA-10002958,Furniture,Tables,"Chromcraft Conference Table, Fully Assembled",5244.84,6,0.0,996.4799999999999,878.38,High
8,1,CA-2014-135909,2014-10-14,2014-10-21,Standard Class,JW-15220,Jane Waco,Corporate,Sacramento,California,United States,95823.0,US,West,OFF-BI-10003527,Office Supplies,Binders,Fellowes PB500 Electric Punch Plastic Comb Binding Machine with Manual Bind,5083.96,5,0.2,1906.485,867.69,Low
9,10,CA-2012-116638,2012-01-28,2012-01-31,Second Class,JH-15985,Joseph Holt,Consumer,Concord,North Carolina,United States,28027.0,US,South,FUR-TA-10000198,Furniture,Tables,Chromcraft Bull-Nose Wood Oval Conference Tables & Bases,4297.644,13,0.4,-1862.3124000000003,865.74,Critical
10,13,CA-2011-102988,2011-04-05,2011-04-09,Second Class,GM-14695,Greg Maxwell,Corporate,Alexandria,Virginia,United States,22304.0,US,South,OFF-SU-10002881,Office Supplies,Supplies,Martin Yale Chadless Opener Electric Letter Opener,4164.049999999999,5,0.0,83.28100000000006,846.54,High
11,13,ID-2012-28402,2012-04-19,2012-04-22,First Class,AJ-10780,Anthony Jacobs,Corporate,Kabul,Kabul,Afghanistan,,APAC,Central Asia,FUR-TA-10001889,Furniture,Tables,"Bevis Conference Table, Fully Assembled",4626.15,5,0.0,647.55,835.57,High
12,3,SA-2011-1830,2011-12-27,2011-12-29,Second Class,MM-7260,Magdelene Morse,Consumer,Jizan,Jizan,Saudi Arabia,,EMEA,EMEA,TEC-CIS-10001717,Technology,Phones,"Cisco Smart Phone, with Caller ID",2616.96,4,0.0,1151.4,832.41,Critical
13,2,MX-2012-130015,2012-11-13,2012-11-13,Same Day,VF-21715,Vicky Freymann,Home Office,Toledo,Parana,Brazil,,LATAM,South,FUR-CH-10002033,Furniture,Chairs,"Harbour Creations Executive Leather Armchair, Adjustable",2221.8,7,0.0,622.02,810.25,Critical
14,8,IN-2013-73951,2013-06-06,2013-06-08,Second Class,PF-19120,Peter Fuller,Consumer,Mudanjiang,Heilongjiang,China,,APAC,North Asia,OFF-AP-10003500,Office Supplies,Appliances,"KitchenAid Microwave, White",3701.5199999999995,12,0.0,1036.08,804.54,Critical
15,13,ES-2014-5099955,2014-07-31,2014-08-03,Second Class,BP-11185,Ben Peterman,Corporate,Paris,Ile-de-France,France,,EU,Central,OFF-AP-10000423,Office Supplies,Appliances,"Breville Refrigerator, Red",1869.5879999999997,4,0.1,186.94800000000004,801.66,Critical
16,10,CA-2014-143567,2014-11-03,2014-11-06,Second Class,TB-21175,Thomas Boland,Corporate,Henderson,Kentucky,United States,42420.0,US,South,TEC-AC-10004145,Technology,Accessories,Logitech diNovo Edge Keyboard,2249.91,9,0.0,517.4793000000001,780.7,Critical
17,3,ES-2014-1651774,2014-09-08,2014-09-14,Standard Class,PJ-18835,Patrick Jones,Corporate,Prato,Tuscany,Italy,,EU,South,OFF-AP-10004512,Office Supplies,Appliances,"Hoover Stove, Red",7958.58,14,0.0,3979.0799999999995,778.32,Low
18,3,IN-2014-11763,2014-01-31,2014-02-01,First Class,JS-15685,Jim Sink,Corporate,Townsville,Queensland,Australia,,APAC,Oceania,TEC-CO-10000865,Technology,Copiers,"Brother Fax Machine, High-Speed",2565.594,9,0.1,28.40399999999994,766.93,Critical
19,12,TZ-2014-8190,2014-12-05,2014-12-07,Second Class,RH-9555,Ritsa Hightower,Consumer,Uvinza,Kigoma,Tanzania,,Africa,Africa,OFF-KIT-10004058,Office Supplies,Appliances,"KitchenAid Stove, White",3409.74,6,0.0,818.28,763.38,High
20,4,PL-2012-7820,2012-08-08,2012-08-10,First Class,AB-600,Ann Blume,Corporate,Bytom,Silesia,Poland,,EMEA,EMEA,FUR-HON-10000224,Furniture,Tables,"Hon Computer Table, with Bottom Storage",1977.7199999999998,4,0.0,276.84000000000003,759.47,Critical
21,2,CA-2011-154627,2011-10-29,2011-10-31,First Class,SA-20830,Sue Ann Reed,Consumer,Chicago,Illinois,United States,60610.0,US,Central,TEC-PH-10001363,Technology,Phones,Apple iPhone 5S,2735.952,6,0.2,341.9939999999997,752.51,High
22,4,IN-2011-44803,2011-05-02,2011-05-03,First Class,JK-15325,Jason Klamczynski,Corporate,Suzhou,Anhui,China,,APAC,North Asia,FUR-CH-10000027,Furniture,Chairs,"SAFCO Executive Leather Armchair, Black",2753.999999999999,6,0.0,358.02,752.47,Critical
23,8,ES-2013-2860574,2013-02-27,2013-03-01,Second Class,LB-16795,Laurel Beltran,Home Office,Edinburgh,Scotland,United Kingdom,,EU,North,OFF-AP-10003590,Office Supplies,Appliances,"KitchenAid Refrigerator, Black",5273.7,10,0.0,1898.4,730.91,High
24,10,US-2014-133193,2014-07-31,2014-08-01,First Class,NP-18325,Naresj Patel,Consumer,Juárez,Chihuahua,Mexico,,LATAM,North,TEC-PH-10004182,Technology,Phones,"Motorola Smart Phone, Full Size",1713.8400000000001,4,0.0,445.52,728.9680000000001,Critical
25,7,MX-2014-165309,2014-09-05,2014-09-08,First Class,VD-21670,Valerie Dominguez,Consumer,Soyapango,San Salvador,El Salvador,,LATAM,Central,FUR-TA-10002827,Furniture,Tables,"Hon Computer Table, Fully Assembled",2106.496,8,0.2,526.4960000000001,728.389,Critical
26,4,IN-2011-10286,2011-12-17,2011-12-20,First Class,PB-19210,Phillip Breyer,Corporate,Taipei,Taipei City,Taiwan,,APAC,North Asia,FUR-TA-10004744,Furniture,Tables,"Lesro Conference Table, with Bottom Storage",1715.1599999999999,2,0.0,720.36,725.57,Critical
27,2,ES-2011-4699764,2011-03-14,2011-03-17,Second Class,EB-14110,Eugene Barchas,Consumer,Leipzig,Saxony,Germany,,EU,Central,OFF-AP-10004512,Office Supplies,Appliances,"Hoover Stove, Red",3069.7380000000003,6,0.1,1364.2379999999996,725.34,Critical
28,5,CA-2013-159016,2013-03-11,2013-03-12,First Class,KF-16285,Karen Ferguson,Home Office,Los Angeles,California,United States,90008.0,US,West,TEC-PH-10002885,Technology,Phones,Apple iPhone 5,4158.912,8,0.2,363.90480000000025,714.66,High
29,1,IN-2012-44810,2012-02-25,2012-02-25,Same Day,BP-11230,Benjamin Patterson,Consumer,Surat,Gujarat,India,,APAC,Central Asia,FUR-CH-10001415,Furniture,Chairs,"Office Star Executive Leather Armchair, Red",1878.7199999999998,4,0.0,582.36,704.08,Critical
30,2,US-2011-128776,2011-12-28,2011-12-30,Second Class,RR-19525,Rick Reed,Corporate,Santo Domingo,Santo Domingo,Dominican Republic,,LATAM,Caribbean,TEC-PH-10002815,Technology,Phones,"Samsung Smart Phone, VoIP",1696.64,5,0.2,-148.46000000000004,704.056,Critical
31,6,ES-2012-5870268,2012-07-17,2012-07-19,First Class,BS-11365,Bill Shonely,Corporate,Saint-Brieuc,Brittany,France,,EU,Central,TEC-MA-10000161,Technology,Machines,"Okidata Inkjet, Wireless",2402.8650000000002,9,0.15,763.155,699.55,Critical
32,9,CA-2012-139731,2012-10-15,2012-10-15,Same Day,JE-15745,Joel Eaton,Consumer,Amarillo,Texas,United States,79109.0,US,Central,FUR-CH-10002024,Furniture,Chairs,HON 5400 Series Task Chairs for Big and Tall,2453.43,5,0.3,-350.4899999999999,690.42,High
33,4,IN-2011-28087,2011-11-03,2011-11-05,Second Class,DP-13105,Dave Poirier,Corporate,Gold Coast,Queensland,Australia,,APAC,Oceania,OFF-AP-10004246,Office Supplies,Appliances,"Breville Stove, Red",2526.93,5,0.1,561.48,689.8,Critical
34,10,CA-2011-168494,2011-12-12,2011-12-14,Second Class,NP-18700,Nora Preis,Consumer,Fresno,California,United States,93727.0,US,West,FUR-TA-10003473,Furniture,Tables,Bretford Rectangular Conference Table Tops,3610.848,12,0.2,135.4068000000002,683.12,High
35,11,CG-2011-8610,2011-09-14,2011-09-15,First Class,AH-30,Aaron Hawkins,Corporate,Kamina,Katanga,Democratic Republic of the Congo,,Africa,Africa,TEC-APP-10000308,Technology,Phones,"Apple Smart Phone, Full Size",3817.26,6,0.0,1068.6599999999999,678.15,High
36,3,CA-2011-160766,2011-09-14,2011-09-14,Same Day,DM-13015,Darrin Martin,Consumer,New York City,New York,United States,10009.0,US,East,TEC-MA-10003979,Technology,Machines,Ativa V4110MDD Micro-Cut Shredder,2799.96,4,0.0,1371.9804,675.15,High
37,11,US-2014-168116,2014-11-05,2014-11-05,Same Day,GT-14635,Grant Thornton,Corporate,Burlington,North Carolina,United States,27217.0,US,South,TEC-MA-10004125,Technology,Machines,Cubify CubeX 3D Printer Triple Head Print,7999.98,4,0.5,-3839.9903999999988,674.82,High
38,6,ES-2014-2637201,2014-01-14,2014-01-18,Standard Class,PO-18865,Patrick O'Donnell,Consumer,Stockton-on-Tees,England,United Kingdom,,EU,North,TEC-CO-10000013,Technology,Copiers,"Brother Fax Machine, Laser",4141.02,13,0.0,1697.67,668.96,High
39,5,IN-2011-61302,2011-01-10,2011-01-11,First Class,DL-12865,Dan Lawera,Consumer,Brisbane,Queensland,Australia,,APAC,Oceania,TEC-PH-10004664,Technology,Phones,"Nokia Smart Phone, with Caller ID",2875.0950000000007,5,0.1,511.0949999999999,665.27,Medium
40,11,ID-2013-63976,2013-08-22,2013-08-26,Standard Class,JB-16000,Joy Bell-,Consumer,Mataram,Nusa Tenggara Barat,Indonesia,,APAC,Southeast Asia,TEC-PH-10000499,Technology,Phones,"Motorola Smart Phone, Full Size",3200.5962,6,0.17,-77.20379999999989,660.87,High
41,4,IN-2014-37320,2014-11-11,2014-11-15,Standard Class,BF-11005,Barry Franz,Home Office,Gorakhpur,Haryana,India,,APAC,Central Asia,TEC-PH-10003856,Technology,Phones,"Motorola Smart Phone, with Caller ID",4518.78,7,0.0,632.52,658.69,High
42,12,IN-2014-76016,2014-09-26,2014-09-28,Second Class,VG-21805,Vivek Grady,Corporate,Thiruvananthapuram,Kerala,India,,APAC,Central Asia,FUR-BO-10004852,Furniture,Bookcases,"Sauder Classic Bookcase, Traditional",5667.87,13,0.0,2097.03,658.35,Medium
43,8,ES-2012-5877219,2012-12-13,2012-12-17,Standard Class,GT-14710,Greg Tran,Consumer,Huddersfield,England,United Kingdom,,EU,North,TEC-PH-10004583,Technology,Phones,"Motorola Smart Phone, Cordless",5785.0199999999995,9,0.0,404.73,656.73,High
44,10,IT-2011-3183678,2011-09-23,2011-09-25,First Class,ZC-21910,Zuschuss Carroll,Consumer,Berlin,Berlin,Germany,,EU,Central,OFF-AP-10000486,Office Supplies,Appliances,"Cuisinart Stove, Silver",3018.624,7,0.2,377.2439999999999,655.91,Critical
45,7,CA-2011-116904,2011-09-23,2011-09-28,Standard Class,SC-20095,Sanjit Chand,Consumer,Minneapolis,Minnesota,United States,55407.0,US,Central,OFF-BI-10001120,Office Supplies,Binders,Ibico EPK-21 Electric Binding System,9449.95,5,0.0,4630.4755000000005,655.61,Medium
46,4,IT-2013-3085011,2013-03-08,2013-03-08,Same Day,EB-13840,Ellis Ballard,Corporate,Montreuil,Ile-de-France,France,,EU,Central,FUR-CH-10003365,Furniture,Chairs,"Office Star Executive Leather Armchair, Adjustable",2092.4999999999995,5,0.1,720.7499999999999,652.98,Critical
47,13,IN-2014-50473,2014-08-28,2014-08-29,First Class,AP-10915,Arthur Prichep,Consumer,Shouguang,Shandong,China,,APAC,North Asia,FUR-CH-10000602,Furniture,Chairs,"Novimex Executive Leather Armchair, Red",2761.2,6,0.0,110.34,644.75,High
48,13,IN-2014-35983,2014-05-01,2014-05-01,Same Day,SW-20275,Scott Williamson,Consumer,Jamshedpur,Jharkhand,India,,APAC,Central Asia,TEC-MA-10002680,Technology,Machines,"Konica Inkjet, White",2174.13,7,0.0,500.00999999999993,637.86,Critical
49,2,MX-2014-126984,2014-12-18,2014-12-20,Second Class,JH-15820,John Huston,Consumer,Paysandú,Paysandú,Uruguay,,LATAM,South,FUR-CH-10000891,Furniture,Chairs,"Harbour Creations Executive Leather Armchair, Black",3473.1399999999994,11,0.0,868.1200000000001,634.529,High
50,6,US-2012-163825,2012-06-16,2012-06-19,First Class,LC-16885,Lena Creighton,Consumer,New York City,New York,United States,10009.0,US,East,OFF-BI-10003527,Office Supplies,Binders,Fellowes PB500 Electric Punch Plastic Comb Binding Machine with Manual Bind,3050.376,3,0.2,1143.891,632.05,High
51,6,IR-2014-8540,2014-09-18,2014-09-21,First Class,TG-11640,Trudy Glocke,Consumer,Behshahr,Mazandaran,Iran,,EMEA,EMEA,TEC-CAN-10003392,Technology,Copiers,"Canon Copy Machine, Color",2108.64,8,0.0,527.04,630.97,Critical
52,9,US-2014-135013,2014-07-25,2014-07-25,Same Day,HR-14830,Harold Ryan,Corporate,Huntington Beach,California,United States,92646.0,US,West,TEC-CO-10001449,Technology,Copiers,Hewlett Packard LaserJet 3310 Copier,2399.96,5,0.2,839.9860000000001,630.05,High
53,13,IN-2011-10286,2011-12-17,2011-12-20,First Class,PB-19210,Phillip Breyer,Corporate,Taipei,Taipei City,Taiwan,,APAC,North Asia,FUR-BO-10001372,Furniture,Bookcases,"Safco Classic Bookcase, Pine",2197.5,5,0.0,153.75,627.27,Critical
54,9,MZ-2013-3690,2013-12-18,2013-12-18,Same Day,DG-3300,Deirdre Greer,Corporate,Maputo,Cidade De Maputo,Mozambique,,Africa,Africa,TEC-MOT-10002272,Technology,Phones,"Motorola Smart Phone, with Caller ID",2582.16,4,0.0,593.88,627.17,High
55,8,IN-2012-66342,2012-05-30,2012-05-31,First Class,SG-20470,Sheri Gordon,Consumer,Bhopal,Madhya Pradesh,India,,APAC,Central Asia,TEC-CO-10004997,Technology,Copiers,"Hewlett Wireless Fax, Color",1526.52,4,0.0,732.72,625.77,Critical
56,6,CA-2012-111829,2012-03-19,2012-03-20,First Class,FH-14365,Fred Hopkins,Corporate,Seattle,Washington,United States,98115.0,US,West,TEC-CO-10001766,Technology,Copiers,Canon PC940 Copier,3149.9300000000003,7,0.0,1480.4670999999998,617.92,High
57,6,IN-2012-48240,2012-05-25,2012-05-28,Second Class,GP-14740,Guy Phonely,Corporate,Delhi,Delhi,India,,APAC,Central Asia,FUR-TA-10000226,Furniture,Tables,"Chromcraft Conference Table, with Bottom Storage",1745.34,2,0.0,226.86,616.27,Critical
58,12,IN-2014-61792,2014-08-05,2014-08-06,First Class,MW-18220,Mitch Webber,Consumer,Geraldton,Western Australia,Australia,,APAC,Oceania,OFF-AP-10002244,Office Supplies,Appliances,"Breville Refrigerator, White",4191.507,9,0.1,1164.2669999999998,614.34,High
59,5,CA-2014-129021,2014-08-24,2014-08-27,Second Class,PO-18850,Patrick O'Brill,Consumer,Tallahassee,Florida,United States,32303.0,US,South,TEC-PH-10001459,Technology,Phones,Samsung Galaxy Mega 6.3,4367.896000000001,13,0.2,327.59220000000005,609.44,Medium
60,5,IN-2014-75470,2014-03-11,2014-03-13,Second Class,CS-12460,Chuck Sachs,Consumer,Dhaka,Dhaka,Bangladesh,,APAC,Central Asia,FUR-BO-10001073,Furniture,Bookcases,"Safco Classic Bookcase, Metal",3063.27,7,0.0,581.91,609.24,High
61,8,CA-2012-114811,2012-11-08,2012-11-08,Same Day,KD-16495,Keith Dawkins,Corporate,New York City,New York,United States,10024.0,US,East,TEC-MA-10000045,Technology,Machines,Zebra ZM400 Thermal Label Printer,4643.8,4,0.0,2229.024,607.34,Medium
62,7,ES-2014-4673578,2014-08-11,2014-08-16,Second Class,MS-17980,Michael Stewart,Corporate,Munster,Lower Saxony,Germany,,EU,Central,TEC-PH-10002035,Technology,Phones,"Samsung Smart Phone, Cordless",4473.000000000001,7,0.0,313.11,604.4,Medium
63,3,IT-2013-3376681,2013-08-31,2013-09-03,First Class,KC-16675,Kimberly Carter,Corporate,Celle,Lower Saxony,Germany,,EU,Central,TEC-PH-10002565,Technology,Phones,"Apple Audio Dock, with Caller ID",1502.0100000000002,9,0.0,225.18,600.21,Critical
64,4,IN-2014-66615,2014-01-18,2014-01-23,Standard Class,DB-13405,Denny Blanton,Consumer,Wuxi,Jiangsu,China,,APAC,North Asia,FUR-CH-10000027,Furniture,Chairs,"SAFCO Executive Leather Armchair, Black",5048.999999999999,11,0.0,656.37,595.5,High
65,8,CA-2013-143805,2013-12-02,2013-12-04,Second Class,JD-15895,Jonathan Doherty,Corporate,Richmond,Virginia,United States,23223.0,US,South,OFF-AP-10002945,Office Supplies,Appliances,Honeywell Enviracaire Portable HEPA Air Cleaner for 17' x 22' Room,2104.5499999999997,7,0.0,694.5014999999999,594.02,Critical
66,9,IT-2014-4540740,2014-12-07,2014-12-08,First Class,DK-13090,Dave Kipp,Consumer,Seville,Andalusía,Spain,,EU,South,FUR-BO-10004999,Furniture,Bookcases,"Safco Classic Bookcase, Metal",2188.05,5,0.0,1050.15,593.91,High
67,5,IN-2014-11231,2014-12-16,2014-12-19,First Class,CS-11845,Cari Sayre,Corporate,Raipur,Uttarakhand,India,,APAC,Central Asia,FUR-TA-10001205,Furniture,Tables,"Chromcraft Wood Table, Rectangular",1920.3600000000001,4,0.0,652.92,592.77,Critical
68,5,MX-2014-154907,2014-11-20,2014-11-20,Same Day,EM-14200,Evan Minnotte,Home Office,Gómez Palacio,Durango,Mexico,,LATAM,North,TEC-PH-10004196,Technology,Phones,"Samsung Smart Phone, Cordless",1704.0000000000005,4,0.0,119.28,592.726,Critical
69,2,UP-2011-8610,2011-11-09,2011-11-11,First Class,DW-3480,Dianna Wilson,Home Office,Kharkiv,Kharkiv,Ukraine,,EMEA,EMEA,FUR-CHR-10001018,Furniture,Tables,"Chromcraft Round Table, Rectangular",1858.6800000000003,4,0.0,130.07999999999998,590.56,Critical
70,8,IN-2013-40050,2013-06-07,2013-06-09,First Class,AS-10225,Alan Schoenberger,Corporate,Jinan,Shandong,China,,APAC,North Asia,FUR-CH-10003232,Furniture,Chairs,"Harbour Creations Executive Leather Armchair, Adjustable",3298.2599999999998,7,0.0,1055.25,589.36,High
71,5,MX-2011-110275,2011-11-22,2011-11-23,First Class,ST-20530,Shui Tom,Consumer,Chinandega,Chinandega,Nicaragua,,LATAM,Central,OFF-AP-10001630,Office Supplies,Appliances,"Hamilton Beach Microwave, Black",2443.48,13,0.0,121.94000000000001,589.293,Medium
72,11,CG-2013-6110,2013-03-29,2013-03-31,Second Class,BW-1065,Barry Weirich,Consumer,Kananga,Kasai-Occidental,Democratic Republic of the Congo,,Africa,Africa,FUR-HAR-10002873,Furniture,Chairs,"Harbour Creations Executive Leather Armchair, Adjustable",3808.7999999999997,8,0.0,1523.52,588.13,High
73,11,IN-2014-30110,2014-08-26,2014-08-27,First Class,LA-16780,Laura Armstrong,Corporate,Palembang,Sumatera Selatan,Indonesia,,APAC,Southeast Asia,FUR-TA-10000687,Furniture,Tables,"Bevis Conference Table, with Bottom Storage",3427.1495999999997,7,0.47000000000000003,-452.81039999999985,586.57,High
74,6,ES-2012-2058076,2012-09-20,2012-09-22,Second Class,AB-10150,Aimee Bixby,Consumer,London,England,United Kingdom,,EU,North,TEC-PH-10004505,Technology,Phones,"Nokia Smart Phone, Full Size",3441.69,6,0.1,38.06999999999999,585.25,High
75,10,IN-2014-51950,2014-05-16,2014-05-18,Second Class,JH-15820,John Huston,Consumer,Melbourne,Victoria,Australia,,APAC,Oceania,TEC-PH-10002683,Technology,Phones,"Apple Smart Phone, Cordless",2863.35,5,0.1,858.9,581.88,Critical
76,8,CA-2012-145352,2012-03-16,2012-03-22,Standard Class,CM-12385,Christopher Martinez,Consumer,Atlanta,Georgia,United States,30318.0,US,South,OFF-BI-10003527,Office Supplies,Binders,Fellowes PB500 Electric Punch Plastic Comb Binding Machine with Manual Bind,6354.95,5,0.0,3177.475,581.12,Medium
77,1,ES-2013-4670866,2013-11-24,2013-11-25,First Class,BE-11410,Bobby Elias,Consumer,Duisburg,North Rhine-Westphalia,Germany,,EU,Central,TEC-CO-10002269,Technology,Copiers,"Brother Ink, Color",1487.4,10,0.0,728.7,580.98,Critical
78,12,IN-2011-62506,2011-11-09,2011-11-11,Second Class,SZ-20035,Sam Zeldin,Home Office,Nanchong,Sichuan,China,,APAC,North Asia,TEC-CO-10002526,Technology,Copiers,"Sharp Wireless Fax, Digital",3200.04,9,0.0,1183.95,576.71,Medium
79,13,IN-2011-46413,2011-10-28,2011-10-28,Same Day,RM-19375,Raymond Messe,Consumer,Naihati,West Bengal,India,,APAC,Central Asia,FUR-CH-10000602,Furniture,Chairs,"Novimex Executive Leather Armchair, Red",2300.9999999999995,5,0.0,91.95,573.27,Critical
80,2,ES-2014-3785216,2014-11-19,2014-11-23,Standard Class,HG-14845,Harry Greene,Consumer,Lille,Nord-Pas-de-Calais,France,,EU,Central,FUR-CH-10002891,Furniture,Chairs,"Hon Executive Leather Armchair, Adjustable",5729.345999999999,14,0.1,63.54600000000016,572.95,High
81,13,MO-2014-2000,2014-10-28,2014-10-30,Second Class,DP-3105,Dave Poirier,Corporate,Meknes,Meknès-Tafilalet,Morocco,,Africa,Africa,TEC-CAN-10001437,Technology,Copiers,"Canon Wireless Fax, Laser",5301.240000000001,14,0.0,2597.28,568.45,Medium
82,9,CA-2014-138289,2014-01-17,2014-01-19,Second Class,AR-10540,Andy Reiter,Consumer,Jackson,Michigan,United States,49201.0,US,Central,OFF-BI-10004995,Office Supplies,Binders,GBC DocuBind P400 Electric Binding System,5443.96,4,0.0,2504.2216,567.95,High
83,11,CA-2014-118892,2014-08-18,2014-08-23,Second Class,TP-21415,Tom Prescott,Consumer,Philadelphia,Pennsylvania,United States,19134.0,US,East,FUR-CH-10002024,Furniture,Chairs,HON 5400 Series Task Chairs for Big and Tall,4416.174,9,0.3,-630.8820000000001,566.65,Medium
84,13,ES-2013-1434123,2013-01-29,2013-02-05,Standard Class,JB-16000,Joy Bell-,Consumer,Krefeld,North Rhine-Westphalia,Germany,,EU,Central,TEC-PH-10004327,Technology,Phones,"Motorola Smart Phone, Full Size",3219.9,5,0.0,965.8500000000001,564.25,Low
85,9,ID-2012-78207,2012-09-18,2012-09-21,Second Class,AM-10705,Anne McFarland,Consumer,Bandung,Jawa Barat,Indonesia,,APAC,Southeast Asia,OFF-AP-10001621,Office Supplies,Appliances,"Hamilton Beach Refrigerator, Black",2487.8088,6,0.17,-269.7912,562.14,Critical
86,6,MO-2013-8630,2013-11-23,2013-11-23,Same Day,AB-255,Alejandro Ballentine,Home Office,Casablanca,Grand Casablanca,Morocco,,Africa,Africa,OFF-HOO-10001881,Office Supplies,Appliances,"Hoover Stove, White",2266.44,4,0.0,113.28,556.45,Medium
87,12,IN-2012-64774,2012-06-13,2012-06-13,Same Day,RP-19270,Rachel Payne,Corporate,Sydney,New South Wales,Australia,,APAC,Oceania,TEC-CO-10001954,Technology,Copiers,"Brother Wireless Fax, Laser",3068.361000000001,9,0.1,1124.9009999999998,555.77,High
88,6,IN-2013-48765,2013-10-28,2013-10-31,First Class,BK-11260,Berenike Kampe,Consumer,Tongi,Dhaka,Bangladesh,,APAC,Central Asia,FUR-BO-10003282,Furniture,Bookcases,"Ikea Classic Bookcase, Mobile",3728.4299999999994,9,0.0,1192.86,553.31,Medium
89,3,IN-2013-69730,2013-12-12,2013-12-14,First Class,JM-15250,Janet Martin,Consumer,Suzhou,Anhui,China,,APAC,North Asia,TEC-CO-10003102,Technology,Copiers,"Canon Copy Machine, Color",1581.48,6,0.0,0.0,550.74,High
90,1,IN-2012-48240,2012-05-25,2012-05-28,Second Class,GP-14740,Guy Phonely,Corporate,Delhi,Delhi,India,,APAC,Central Asia,TEC-PH-10004664,Technology,Phones,"Nokia Smart Phone, with Caller ID",1916.7300000000002,3,0.0,498.3299999999999,548.4,Critical
91,3,US-2013-102239,2013-05-06,2013-05-07,First Class,LW-16990,Lindsay Williams,Corporate,Henderson,Nevada,United States,89015.0,US,West,FUR-TA-10003392,Furniture,Tables,Global Adaptabilities Conference Tables,1685.88,6,0.0,320.3172,548.08,Critical
92,6,ES-2013-3467296,2013-12-02,2013-12-02,Same Day,NZ-18565,Nick Zandusky,Home Office,Paris,Ile-de-France,France,,EU,Central,OFF-AP-10002552,Office Supplies,Appliances,"Hamilton Beach Stove, White",2432.16,5,0.1,513.36,546.9,Critical
93,10,CA-2014-6550,2014-12-23,2014-12-25,Second Class,SV-10815,Stuart Van,Corporate,Montréal,Quebec,Canada,,Canada,Canada,TEC-MOT-10000554,Technology,Phones,"Motorola Smart Phone, Full Size",3863.88,6,0.0,1159.02,546.56,Critical
94,7,ID-2013-25742,2013-01-28,2013-01-30,First Class,SC-20695,Steve Chapman,Corporate,Manila,National Capital,Philippines,,APAC,Southeast Asia,FUR-CH-10001415,Furniture,Chairs,"Office Star Executive Leather Armchair, Red",2465.8199999999997,7,0.25,197.19000000000005,546.49,High
95,13,IN-2012-86698,2012-05-07,2012-05-07,Same Day,NC-18625,Noah Childs,Corporate,Newcastle,New South Wales,Australia,,APAC,Oceania,FUR-TA-10003627,Furniture,Tables,"Bevis Conference Table, with Bottom Storage",1847.5199999999998,2,0.0,738.96,545.89,High
96,12,ES-2013-2903666,2013-11-27,2013-11-29,First Class,NF-18385,Natalie Fritzler,Consumer,Graz,Styria,Austria,,EU,Central,FUR-BO-10001133,Furniture,Bookcases,"Ikea Classic Bookcase, Mobile",2899.8899999999994,7,0.0,927.78,541.59,High
97,10,IN-2012-30446,2012-11-28,2012-12-02,Second Class,NZ-18565,Nick Zandusky,Home Office,Nowra,New South Wales,Australia,,APAC,Oceania,FUR-CH-10000027,Furniture,Chairs,"SAFCO Executive Leather Armchair, Black",2891.6999999999994,7,0.1,96.39000000000004,541.57,Medium
98,9,IT-2012-1779015,2012-09-29,2012-09-29,Same Day,PM-18940,Paul MacIntyre,Consumer,Boulogne-Billancourt,Ile-de-France,France,,EU,Central,TEC-MA-10003515,Technology,Machines,"Panasonic Printer, Red",2016.8460000000002,9,0.15,-0.05400000000003047,540.77,Critical
99,13,ES-2013-3903130,2013-09-03,2013-09-05,Second Class,MZ-17335,Maria Zettner,Home Office,Malakoff,Ile-de-France,France,,EU,Central,OFF-AP-10002904,Office Supplies,Appliances,"Hamilton Beach Refrigerator, Silver",3155.544,7,0.1,34.94400000000002,539.94,High
100,5,CG-2013-3470,2013-07-26,2013-08-01,Standard Class,HM-4980,Henry MacAllister,Consumer,Kinshasa,Kinshasa,Democratic Republic of the Congo,,Africa,Africa,TEC-MOT-10003348,Technology,Phones,"Motorola Smart Phone, Full Size",3856.1399999999994,6,0.0,1465.2,533.99,Low
101,6,IN-2014-13639,2014-11-19,2014-11-25,Standard Class,RW-19540,Rick Wilson,Corporate,Perth,Western Australia,Australia,,APAC,Oceania,TEC-PH-10001990,Technology,Phones,"Cisco Smart Phone, Full Size",3524.472,6,0.1,861.372,531.28,Low
102,1,ES-2012-2510515,2012-06-19,2012-06-19,Same Day,LH-17155,Logan Haushalter,Consumer,Le Bouscat,Aquitaine,France,,EU,Central,TEC-PH-10002898,Technology,Phones,"Samsung Smart Phone, Full Size",2167.2960000000003,4,0.15,790.4159999999999,531.09,High
103,6,MX-2012-153157,2012-10-11,2012-10-14,First Class,FH-14365,Fred Hopkins,Corporate,Puebla,Puebla,Mexico,,LATAM,North,TEC-PH-10004196,Technology,Phones,"Samsung Smart Phone, Cordless",2556.000000000001,6,0.0,178.92,530.486,Medium
104,12,ES-2011-2585328,2011-08-09,2011-08-11,First Class,KM-16660,Khloe Miller,Consumer,Augsburg,Bavaria,Germany,,EU,Central,TEC-CO-10001633,Technology,Copiers,"Sharp Fax Machine, High-Speed",1469.2499999999998,5,0.0,308.4,527.87,Critical
105,10,ES-2011-4500805,2011-11-05,2011-11-09,Second Class,PO-18865,Patrick O'Donnell,Consumer,Nice,Provence-Alpes-Côte d'Azur,France,,EU,Central,TEC-PH-10002623,Technology,Phones,"Cisco Smart Phone, with Caller ID",4448.832,8,0.15,1517.7120000000002,527.85,High
106,4,CA-2014-107174,2014-11-07,2014-11-14,Standard Class,AB-10060,Adam Bellavance,Home Office,Seattle,Washington,United States,98105.0,US,West,FUR-TA-10004575,Furniture,Tables,Hon 5100 Series Wood Tables,2036.8600000000001,7,0.0,366.6347999999999,524.76,Low
107,9,MX-2013-113824,2013-04-26,2013-04-28,First Class,AB-10060,Adam Bellavance,Home Office,Medellín,Antioquia,Colombia,,LATAM,South,FUR-BO-10001498,Furniture,Bookcases,"Dania Classic Bookcase, Pine",2472.6600000000003,9,0.0,914.76,523.466,High
108,12,IN-2013-45076,2013-12-26,2013-12-26,Same Day,DB-13060,Dave Brooks,Consumer,Gold Coast,Queensland,Australia,,APAC,Oceania,OFF-AP-10003598,Office Supplies,Appliances,"Breville Refrigerator, Red",3739.1759999999995,8,0.1,747.816,522.79,High
109,9,IT-2013-5208514,2013-03-13,2013-03-13,Same Day,VM-21685,Valerie Mitchum,Home Office,Bergen op Zoom,North Brabant,Netherlands,,EU,Central,FUR-CH-10001582,Furniture,Chairs,"Office Star Executive Leather Armchair, Black",2570.865,11,0.5,-2211.165,520.89,High
110,11,US-2013-107440,2013-04-17,2013-04-21,Standard Class,BS-11365,Bill Shonely,Corporate,Lakewood,New Jersey,United States,8701.0,US,East,TEC-MA-10001047,Technology,Machines,"3D Systems Cube Printer, 2nd Generation, Magenta",9099.93,7,0.0,2365.9817999999996,516.91,Medium
111,8,ES-2012-2314672,2012-04-05,2012-04-05,Same Day,DM-13525,Don Miller,Corporate,Hanover,Lower Saxony,Germany,,EU,Central,TEC-PH-10000505,Technology,Phones,"Apple Smart Phone, with Caller ID",2875.7700000000004,9,0.5,-1783.0800000000004,516.63,High
112,3,ES-2012-4765389,2012-12-26,2012-12-28,Second Class,NM-18520,Neoma Murray,Consumer,Vigo,Galicia,Spain,,EU,South,FUR-BO-10002003,Furniture,Bookcases,"Sauder Classic Bookcase, Metal",1741.8000000000002,4,0.0,261.24,515.24,Critical
113,12,IN-2013-15368,2013-04-18,2013-04-19,First Class,LC-16885,Lena Creighton,Consumer,Sydney,New South Wales,Australia,,APAC,Oceania,TEC-CO-10001775,Technology,Copiers,"Sharp Wireless Fax, Laser",1601.64,5,0.1,587.1899999999999,511.47,Critical
114,5,IN-2011-18385,2011-05-24,2011-05-26,Second Class,RO-19780,Rose O'Brian,Consumer,Gaoyou,Jiangsu,China,,APAC,North Asia,OFF-AP-10000647,Office Supplies,Appliances,"Hoover Refrigerator, White",3670.7999999999997,7,0.0,367.08,510.72,High
115,3,CA-2012-149846,2012-05-22,2012-05-26,Standard Class,SB-20185,Sarah Brown,Consumer,Los Angeles,California,United States,90045.0,US,West,TEC-MA-10004002,Technology,Machines,Zebra GX420t Direct Thermal/Thermal Transfer Printer,2973.32,7,0.2,334.4984999999996,510.18,High
116,2,ES-2013-2757712,2013-05-16,2013-05-20,Second Class,EM-14065,Erin Mull,Consumer,Bremen,Bremen,Germany,,EU,Central,TEC-CO-10001926,Technology,Copiers,"Hewlett Wireless Fax, Laser",1900.95,5,0.0,589.2,506.89,High
117,5,CA-2011-106726,2011-12-06,2011-12-08,First Class,RS-19765,Roland Schwarz,Corporate,Los Angeles,California,United States,90008.0,US,West,OFF-ST-10001496,Office Supplies,Storage,Standard Rollaway File with Lock,1261.33,7,0.0,327.9458,506.49,Critical
118,12,IT-2011-1978668,2011-02-16,2011-02-19,Second Class,ON-18715,Odella Nelson,Corporate,Muret,Midi-Pyrénées,France,,EU,Central,FUR-CH-10002203,Furniture,Chairs,"SAFCO Executive Leather Armchair, Black",4544.0999999999985,11,0.1,1868.1299999999999,506.27,Medium
119,9,IN-2013-63773,2013-05-31,2013-06-02,First Class,VS-21820,Vivek Sundaresam,Consumer,Zigong,Sichuan,China,,APAC,North Asia,FUR-BO-10001934,Furniture,Bookcases,"Bush Library with Doors, Metal",1455.1200000000001,4,0.0,116.39999999999999,504.56,Critical
120,2,IN-2013-10965,2013-10-01,2013-10-02,First Class,CM-12115,Chad McGuire,Consumer,Adelaide,South Australia,Australia,,APAC,Oceania,TEC-CO-10000562,Technology,Copiers,"HP Wireless Fax, Digital",1943.19,6,0.1,258.93,499.62,High
121,8,CA-2011-145541,2011-12-14,2011-12-21,Standard Class,TB-21400,Tom Boeckenhauer,Consumer,New York City,New York,United States,10024.0,US,East,TEC-MA-10001127,Technology,Machines,"HP Designjet T520 Inkjet Large Format Printer - 24"" Color",6999.96,4,0.0,2239.9871999999996,499.55,Medium
122,2,CA-2013-117121,2013-12-18,2013-12-22,Standard Class,AB-10105,Adrian Barton,Consumer,Detroit,Michigan,United States,48205.0,US,Central,OFF-BI-10000545,Office Supplies,Binders,GBC Ibimaster 500 Manual ProClick Binding System,9892.74,13,0.0,4946.37,498.7,Medium
123,8,ID-2013-79432,2013-12-11,2013-12-14,Second Class,JK-15325,Jason Klamczynski,Corporate,Adelaide,South Australia,Australia,,APAC,Oceania,TEC-CO-10002035,Technology,Copiers,"Canon Wireless Fax, High-Speed",1695.8700000000001,5,0.1,-37.83000000000001,498.62,Critical
124,3,IT-2014-4499061,2014-03-18,2014-03-21,Second Class,RP-19270,Rachel Payne,Corporate,Chelles,Ile-de-France,France,,EU,Central,TEC-CO-10004099,Technology,Copiers,"Sharp Fax Machine, Digital",1505.9789999999998,6,0.15,-265.76099999999997,498.52,Critical
125,13,IN-2014-34226,2014-12-19,2014-12-20,First Class,DW-13540,Don Weiss,Consumer,Kuantan,Pahang,Malaysia,,APAC,Southeast Asia,TEC-PH-10003002,Technology,Phones,"Cisco Smart Phone, Full Size",1954.17,3,0.0,312.65999999999997,498.38,Critical
126,2,CA-2011-136567,2011-12-20,2011-12-21,First Class,PS-19045,Penelope Sewall,Home Office,Harrisonburg,Virginia,United States,22801.0,US,South,FUR-TA-10001932,Furniture,Tables,"Chromcraft 48"" x 96"" Racetrack Double Pedestal Table",2244.48,7,0.0,493.78559999999993,498.14,High
127,1,CA-2013-143714,2013-05-24,2013-05-28,Standard Class,CC-12370,Christopher Conant,Consumer,Philadelphia,Pennsylvania,United States,19120.0,US,East,TEC-CO-10004722,Technology,Copiers,Canon imageCLASS 2200 Advanced Copier,8399.975999999999,4,0.4,1119.996799999999,498.08,Medium
128,3,CA-2011-151330,2011-10-14,2011-10-17,First Class,TC-21295,Toby Carlisle,Consumer,Everett,Massachusetts,United States,2149.0,US,East,FUR-CH-10000749,Furniture,Chairs,Office Star - Ergonomic Mid Back Chair with 2-Way Adjustable Arms,1628.82,9,0.0,260.61120000000017,496.46,Critical
129,7,MX-2014-158386,2014-09-18,2014-09-18,Same Day,GM-14440,Gary McGarr,Consumer,Quito,Pichincha,Ecuador,,LATAM,South,TEC-CO-10004398,Technology,Copiers,"Brother Copy Machine, Color",1213.18876,7,0.002,508.00876000000005,493.409,Critical
130,3,IN-2013-30663,2013-11-25,2013-11-27,First Class,SV-20815,Stuart Van,Corporate,Vadodara,Gujarat,India,,APAC,Central Asia,TEC-CO-10004535,Technology,Copiers,"Hewlett Fax Machine, High-Speed",1590.6,5,0.0,572.5500000000001,493.2,Critical
131,5,IN-2013-77444,2013-11-07,2013-11-10,First Class,MM-17920,Michael Moore,Consumer,Sanya,Hainan,China,,APAC,North Asia,TEC-AC-10000420,Technology,Accessories,"Belkin Router, USB",2330.6400000000003,9,0.0,1025.46,492.79,Critical
132,8,IN-2014-39077,2014-07-19,2014-07-23,Standard Class,JK-16120,Julie Kriz,Home Office,Palembang,Sumatera Selatan,Indonesia,,APAC,Southeast Asia,FUR-BO-10001212,Furniture,Bookcases,"Safco Classic Bookcase, Mobile",3278.5847999999996,8,0.07,140.82479999999995,492.28,High
133,13,ID-2012-60980,2012-08-16,2012-08-16,Same Day,EM-14200,Evan Minnotte,Home Office,Bangkok,Bangkok,Thailand,,APAC,Southeast Asia,TEC-PH-10001670,Technology,Phones,"Motorola Smart Phone, Full Size",3741.5237999999995,7,0.17,946.6337999999997,491.91,High
134,9,CA-2013-128594,2013-08-27,2013-08-30,First Class,DJ-13510,Don Jones,Corporate,San Diego,California,United States,92037.0,US,West,FUR-CH-10001215,Furniture,Chairs,Global Troy Executive Leather Low-Back Tilter,1603.1360000000002,4,0.2,100.19599999999997,489.6,Critical
135,5,IN-2012-57025,2012-01-11,2012-01-15,Standard Class,PM-18940,Paul MacIntyre,Consumer,Tasikmalaya,Jawa Barat,Indonesia,,APAC,Southeast Asia,FUR-BO-10004679,Furniture,Bookcases,"Safco Library with Doors, Pine",3637.6019999999994,10,0.07,156.40199999999993,487.86,High
136,11,MX-2013-157868,2013-01-28,2013-01-30,First Class,AT-10435,Alyssa Tate,Home Office,Guaymas,Sonora,Mexico,,LATAM,North,OFF-AP-10001776,Office Supplies,Appliances,"Hoover Refrigerator, Red",2455.8799999999997,7,0.0,785.8199999999999,487.476,Medium
137,7,ID-2012-66111,2012-06-14,2012-06-17,First Class,AB-10015,Aaron Bergman,Consumer,Wuhan,Hubei,China,,APAC,North Asia,TEC-MA-10003704,Technology,Machines,"StarTech Printer, Wireless",1024.6800000000003,8,0.5,-286.9200000000003,487.32,Critical
138,12,CA-2011-120474,2011-12-01,2011-12-03,First Class,RP-19390,Resi Pölking,Consumer,Madison,Wisconsin,United States,53711.0,US,Central,FUR-CH-10001854,Furniture,Chairs,Office Star - Professional Matrix Back Chair with 2-to-1 Synchro Tilt and Mesh Fabric Seat,2807.84,8,0.0,673.8816000000002,487.15,High
139,1,CA-2013-100300,2013-06-25,2013-06-27,Second Class,MJ-17740,Max Jones,Consumer,San Diego,California,United States,92037.0,US,West,TEC-MA-10000984,Technology,Machines,Okidata MB760 Printer,4476.8,4,0.2,503.63999999999965,485.47,High
140,1,MX-2012-164791,2012-12-06,2012-12-08,First Class,PV-18985,Paul Van Hugh,Home Office,Salto,São Paulo,Brazil,,LATAM,South,TEC-AC-10000376,Technology,Accessories,"Memorex Router, Bluetooth",2297.96,14,0.0,988.1199999999999,483.25699999999995,High
141,9,IT-2013-1350483,2013-09-05,2013-09-07,Second Class,SB-20290,Sean Braxton,Corporate,Treviso,Veneto,Italy,,EU,South,TEC-CO-10003800,Technology,Copiers,"Hewlett Wireless Fax, Color",2671.41,7,0.0,534.24,483.04,High
142,13,SO-2014-4990,2014-09-18,2014-09-20,First Class,SM-10005,Sally Matthias,Consumer,Hargeysa,Woqooyi Galbeed,Somalia,,Africa,Africa,TEC-SAM-10004230,Technology,Phones,"Samsung Smart Phone, Cordless",3834.000000000001,6,0.0,268.38,481.04,High
143,9,CA-2014-149559,2014-09-12,2014-09-13,Same Day,KF-16285,Karen Ferguson,Home Office,Long Beach,California,United States,90805.0,US,West,FUR-CH-10002320,Furniture,Chairs,Hon Pagoda Stacking Chairs,2054.2720000000004,8,0.2,256.78399999999976,480.56,Critical
144,2,IN-2012-30943,2012-08-03,2012-08-08,Standard Class,KH-16330,Katharine Harms,Corporate,Yogyakarta,Yogyakarta,Indonesia,,APAC,Southeast Asia,OFF-AP-10002312,Office Supplies,Appliances,"KitchenAid Refrigerator, Black",3501.7367999999997,8,0.17,210.85680000000002,479.96,High
145,12,IN-2014-13324,2014-12-09,2014-12-11,First Class,MP-18175,Mike Pelletier,Home Office,Perth,Western Australia,Australia,,APAC,Oceania,TEC-PH-10000169,Technology,Phones,"Apple Smart Phone, with Caller ID",1725.4620000000004,3,0.1,747.6120000000001,479.94,High
146,11,IN-2012-46889,2012-10-25,2012-10-28,First Class,LH-17020,Lisa Hazard,Consumer,Anshan,Liaoning,China,,APAC,North Asia,TEC-CO-10000865,Technology,Copiers,"Brother Fax Machine, High-Speed",1583.7,5,0.0,174.14999999999998,479.67,Critical
147,10,CA-2012-114069,2012-07-13,2012-07-15,Second Class,ND-18370,Natalie DeCherney,Consumer,New York City,New York,United States,10035.0,US,East,FUR-CH-10000595,Furniture,Chairs,Safco Contoured Stacking Chairs,1931.04,9,0.1,321.8399999999999,477.15,Critical
148,7,ID-2013-35640,2013-08-27,2013-08-29,Second Class,CR-12625,Corey Roper,Home Office,Brisbane,Queensland,Australia,,APAC,Oceania,FUR-BO-10000288,Furniture,Bookcases,"Safco Classic Bookcase, Traditional",2760.3450000000003,7,0.1,-214.72500000000002,475.34,High
149,11,IN-2011-30292,2011-05-13,2011-05-17,Standard Class,NC-18625,Noah Childs,Corporate,Dhaka,Dhaka,Bangladesh,,APAC,Central Asia,TEC-AC-10000866,Technology,Accessories,"Belkin Router, Erganomic",3078.7200000000007,12,0.0,523.0799999999999,474.44,High
150,7,IT-2011-3675195,2011-11-03,2011-11-06,First Class,GM-14680,Greg Matthias,Consumer,Amsterdam,North Holland,Netherlands,,EU,Central,OFF-AP-10001623,Office Supplies,Appliances,"Hoover Stove, White",1983.135,7,0.5,-1784.895,473.27,High
151,2,ES-2014-2034971,2014-08-02,2014-08-03,First Class,RA-19945,Ryan Akin,Consumer,Le Petit-Quevilly,Upper Normandy,France,,EU,Central,FUR-BO-10003541,Furniture,Bookcases,"Bush Classic Bookcase, Metal",1112.778,3,0.1,296.6580000000001,472.0,Critical
152,11,ES-2011-1426891,2011-09-20,2011-09-22,Second Class,DB-13060,Dave Brooks,Consumer,Bochum,North Rhine-Westphalia,Germany,,EU,Central,TEC-CO-10004365,Technology,Copiers,"HP Wireless Fax, Color",3616.5,10,0.0,36.0,471.92,Critical
153,9,CA-2014-159366,2014-01-08,2014-01-11,First Class,BW-11110,Bart Watters,Corporate,Detroit,Michigan,United States,48205.0,US,Central,TEC-MA-10000822,Technology,Machines,Lexmark MX611dhe Monochrome Laser Printer,3059.982,2,0.1,679.9959999999996,471.22,Medium
154,13,IN-2013-14773,2013-03-11,2013-03-15,Standard Class,RF-19735,Roland Fjeld,Consumer,Perth,Western Australia,Australia,,APAC,Oceania,TEC-PH-10000499,Technology,Phones,"Motorola Smart Phone, Full Size",2892.1049999999996,5,0.1,160.60500000000008,470.29,High
155,4,ES-2012-4934238,2012-02-02,2012-02-05,First Class,JH-15820,John Huston,Consumer,Hamburg,Hamburg,Germany,,EU,Central,TEC-PH-10000800,Technology,Phones,"Cisco Smart Phone, Full Size",3263.4000000000005,5,0.0,848.4000000000001,469.29,High
156,4,CA-2013-108987,2013-09-09,2013-09-11,Second Class,AG-10675,Anna Gayman,Consumer,Houston,Texas,United States,77036.0,US,Central,FUR-BO-10004834,Furniture,Bookcases,"Riverside Palais Royal Lawyers Bookcase, Royale Cherry Finish",2396.2655999999997,4,0.32,-317.15280000000007,469.16,Critical
157,11,MX-2014-111941,2014-04-09,2014-04-13,Standard Class,DM-12955,Dario Medina,Corporate,Mixco,Guatemala,Guatemala,,LATAM,Central,FUR-TA-10001642,Furniture,Tables,"Lesro Round Table, Rectangular",3117.0879999999997,13,0.2,38.94800000000005,466.703,High
158,6,US-2013-143819,2013-03-02,2013-03-06,Standard Class,KD-16270,Karen Daniels,Consumer,Yonkers,New York,United States,10701.0,US,East,TEC-MA-10003979,Technology,Machines,Ativa V4110MDD Micro-Cut Shredder,4899.93,7,0.0,2400.9656999999997,466.33,Medium
159,5,MX-2014-152961,2014-03-19,2014-03-21,First Class,BE-11335,Bill Eplett,Home Office,Morelia,Michoacán,Mexico,,LATAM,North,OFF-AP-10001041,Office Supplies,Appliances,"Hoover Stove, White",1888.7,5,0.0,887.6,465.918,High
160,7,IN-2013-17041,2013-10-02,2013-10-04,First Class,SO-20335,Sean O'Donnell,Consumer,Changchun,Jilin,China,,APAC,North Asia,OFF-AP-10002090,Office Supplies,Appliances,"Hamilton Beach Refrigerator, Red",3000.7799999999997,6,0.0,1080.18,465.63,High
161,4,ES-2013-4679331,2013-01-12,2013-01-15,First Class,DK-12835,Damala Kotsonis,Corporate,Madrid,Madrid,Spain,,EU,South,OFF-AP-10002330,Office Supplies,Appliances,"Hamilton Beach Stove, Silver",3801.63,7,0.0,1444.5900000000001,465.02,Medium
162,13,SA-2014-1270,2014-08-20,2014-08-25,Standard Class,LC-7050,Liz Carlisle,Consumer,Jeddah,Makkah,Saudi Arabia,,EMEA,EMEA,TEC-CIS-10002344,Technology,Phones,"Cisco Smart Phone, Full Size",5211.12,8,0.0,1146.24,463.98,Medium
163,7,IN-2011-10286,2011-12-17,2011-12-20,First Class,PB-19210,Phillip Breyer,Corporate,Taipei,Taipei City,Taiwan,,APAC,North Asia,FUR-TA-10002153,Furniture,Tables,"Lesro Round Table, with Bottom Storage",1356.0300000000002,3,0.0,311.84999999999997,458.97,Critical
164,2,IN-2014-12897,2014-03-14,2014-03-18,Standard Class,CG-12520,Claire Gute,Consumer,Adelaide,South Australia,Australia,,APAC,Oceania,OFF-AP-10004964,Office Supplies,Appliances,"Hoover Stove, White",3569.643,7,0.1,674.163,458.54,High
165,8,CA-2013-134887,2013-03-26,2013-03-26,Same Day,TB-21280,Toby Braunhardt,Consumer,Norman,Oklahoma,United States,73071.0,US,Central,TEC-AC-10003832,Technology,Accessories,Logitech P710e Mobile Speakerphone,1287.45,5,0.0,244.61549999999988,457.14,Critical
166,11,ID-2014-10076,2014-07-09,2014-07-13,Standard Class,HG-15025,Hunter Glantz,Consumer,Medan,Sumatera Utara,Indonesia,,APAC,Southeast Asia,FUR-BO-10004679,Furniture,Bookcases,"Safco Library with Doors, Pine",2910.0815999999995,8,0.07,125.12159999999994,456.32,High
167,2,ID-2013-70122,2013-06-11,2013-06-15,Standard Class,AD-10180,Alan Dominguez,Home Office,Jakarta,Jakarta,Indonesia,,APAC,Southeast Asia,FUR-CH-10002061,Furniture,Chairs,"Harbour Creations Executive Leather Armchair, Red",3126.400199999999,9,0.27,-128.71979999999962,455.71,High
168,2,ES-2011-2257437,2011-08-10,2011-08-17,Standard Class,BP-11155,Becky Pak,Consumer,London,England,United Kingdom,,EU,North,TEC-PH-10002759,Technology,Phones,"Cisco Smart Phone, Cordless",5276.988,9,0.1,1758.8879999999997,454.81,Medium
169,13,ID-2014-63920,2014-03-17,2014-03-21,Standard Class,AA-10480,Andrew Allen,Consumer,Bangkok,Bangkok,Thailand,,APAC,Southeast Asia,TEC-PH-10001699,Technology,Phones,"Samsung Smart Phone, Full Size",2645.376,5,0.17,-0.024000000000114596,452.6,High
170,2,ID-2013-29564,2013-01-02,2013-01-03,First Class,RL-19615,Rob Lucas,Consumer,Newcastle,New South Wales,Australia,,APAC,Oceania,FUR-BO-10001934,Furniture,Bookcases,"Bush Library with Doors, Metal",1637.0100000000002,5,0.1,-36.39000000000004,452.28,Medium
171,6,CA-2013-108196,2013-11-26,2013-12-03,Standard Class,CS-12505,Cindy Stewart,Consumer,Lancaster,Ohio,United States,43130.0,US,East,TEC-MA-10000418,Technology,Machines,Cubify CubeX 3D Printer Double Head Print,4499.985000000001,5,0.7,-6599.978000000001,451.63,Low
172,9,ID-2012-36403,2012-10-10,2012-10-11,First Class,SW-20245,Scot Wooten,Consumer,Surakarta,Jawa Tengah,Indonesia,,APAC,Southeast Asia,TEC-PH-10001699,Technology,Phones,"Samsung Smart Phone, Full Size",2645.376,5,0.17,-0.024000000000114596,451.03,High
173,12,CA-2014-127180,2014-10-23,2014-10-25,First Class,TA-21385,Tom Ashbrook,Home Office,New York City,New York,United States,10024.0,US,East,TEC-PH-10001494,Technology,Phones,Polycom CX600 IP Phone VoIP phone,2399.6,8,0.0,647.892,449.45,High
174,1,IN-2011-19351,2011-06-17,2011-06-19,First Class,BW-11110,Bart Watters,Corporate,Beijing,Beijing,China,,APAC,North Asia,FUR-TA-10001889,Furniture,Tables,"Bevis Conference Table, Fully Assembled",3238.305,5,0.3,-740.2949999999998,449.18,High
175,6,ES-2014-5842530,2014-04-03,2014-04-05,First Class,YC-21895,Yoseph Carroll,Corporate,London,England,United Kingdom,,EU,North,FUR-BO-10000490,Furniture,Bookcases,"Bush Library with Doors, Metal",2291.8140000000003,7,0.1,127.13399999999993,448.91,High
176,2,MX-2011-137897,2011-05-17,2011-05-20,Second Class,JM-15580,Jill Matthias,Consumer,Tulancingo,Hidalgo,Mexico,,LATAM,North,TEC-PH-10000018,Technology,Phones,"Nokia Smart Phone, Full Size",2124.5000000000005,5,0.0,488.6,447.657,High
177,7,BO-2014-8960,2014-02-11,2014-02-15,Second Class,MZ-7335,Maria Zettner,Home Office,Brest,Brest,Belarus,,EMEA,EMEA,FUR-HON-10003533,Furniture,Chairs,"Hon Executive Leather Armchair, Adjustable",2757.7799999999997,6,0.0,744.48,446.33,High
178,6,ES-2013-2220066,2013-10-12,2013-10-12,Same Day,JF-15295,Jason Fortune-,Consumer,Valencia,Valenciana,Spain,,EU,South,TEC-AC-10001949,Technology,Accessories,"Enermax Router, Bluetooth",1549.98,6,0.0,139.32,443.92,Critical
179,8,CA-2011-127299,2011-09-19,2011-09-24,Standard Class,JL-15835,John Lee,Consumer,Charlotte,North Carolina,United States,28205.0,US,South,TEC-MA-10001127,Technology,Machines,"HP Designjet T520 Inkjet Large Format Printer - 24"" Color",2624.985,3,0.5,-944.9946000000004,443.69,High
180,12,UP-2014-4500,2014-07-17,2014-07-19,Second Class,DJ-3510,Don Jones,Corporate,Zhytomyr,Zhytomyr,Ukraine,,EMEA,EMEA,OFF-HOO-10004910,Office Supplies,Appliances,"Hoover Refrigerator, White",3146.3999999999996,6,0.0,629.28,443.55,Critical
181,8,ES-2014-2440513,2014-11-22,2014-11-28,Standard Class,MF-18250,Monica Federle,Corporate,Argenteuil,Ile-de-France,France,,EU,Central,TEC-MA-10001335,Technology,Machines,"Epson Printer, Durable",2456.619,11,0.15,664.719,442.49,Low
182,2,IT-2011-5629016,2011-05-30,2011-06-02,First Class,TC-21295,Toby Carlisle,Consumer,Talence,Aquitaine,France,,EU,Central,FUR-TA-10000347,Furniture,Tables,"Hon Computer Table, Adjustable Height",2228.6355,7,0.35,-754.4144999999997,440.25,Critical
183,4,CA-2014-133263,2014-04-01,2014-04-03,Second Class,JE-15610,Jim Epp,Corporate,Atlanta,Georgia,United States,30318.0,US,South,TEC-CO-10001449,Technology,Copiers,Hewlett Packard LaserJet 3310 Copier,2999.95,5,0.0,1439.976,439.69,High
184,6,IN-2014-65488,2014-07-17,2014-07-20,First Class,CP-12340,Christine Phan,Corporate,Aurangabad,Bihar,India,,APAC,Central Asia,OFF-AP-10002090,Office Supplies,Appliances,"Hamilton Beach Refrigerator, Red",4001.0399999999995,8,0.0,1440.24,439.65,Medium
185,7,ES-2014-5530354,2014-08-29,2014-09-03,Standard Class,EH-14125,Eugene Hildebrand,Home Office,Plaisir,Ile-de-France,France,,EU,Central,TEC-PH-10000493,Technology,Phones,"Apple Smart Phone, Full Size",4876.875,9,0.15,745.875,439.41,Medium
186,8,IN-2012-23782,2012-12-26,2012-12-26,Same Day,NC-18340,Nat Carroll,Consumer,Melbourne,Victoria,Australia,,APAC,Oceania,FUR-TA-10003596,Furniture,Tables,"Lesro Computer Table, Adjustable Height",1788.8219999999997,6,0.3,204.28200000000004,439.03,Critical
187,7,IN-2014-37320,2014-11-11,2014-11-15,Standard Class,BF-11005,Barry Franz,Home Office,Gorakhpur,Haryana,India,,APAC,Central Asia,OFF-AP-10002244,Office Supplies,Appliances,"Breville Refrigerator, White",3622.2899999999995,7,0.0,1267.77,438.89,High
188,6,ID-2013-31720,2013-05-01,2013-05-04,Second Class,JS-16030,Joy Smith,Consumer,Medan,Sumatera Utara,Indonesia,,APAC,Southeast Asia,FUR-TA-10003179,Furniture,Tables,"Lesro Wood Table, Fully Assembled",1242.585,5,0.47000000000000003,-140.71500000000015,437.85,Critical
189,3,ES-2011-1712442,2011-08-16,2011-08-21,Standard Class,AM-10360,Alice McCarthy,Corporate,Harrogate,England,United Kingdom,,EU,North,TEC-PH-10001396,Technology,Phones,"Nokia Smart Phone, Cordless",4453.050000000001,7,0.0,1424.85,433.41,Medium
190,1,IN-2014-78900,2014-12-03,2014-12-07,Standard Class,JF-15190,Jamie Frazer,Consumer,Phnom Penh,Phnom Penh,Cambodia,,APAC,Southeast Asia,FUR-TA-10003078,Furniture,Tables,"Hon Training Table, Fully Assembled",2673.36,8,0.0,1069.1999999999998,432.57,High
191,12,IN-2013-37803,2013-06-25,2013-06-29,Standard Class,AB-10015,Aaron Bergman,Consumer,Mackay,Queensland,Australia,,APAC,Oceania,FUR-CH-10003581,Furniture,Chairs,"Hon Executive Leather Armchair, Adjustable",2046.1949999999997,5,0.1,591.0450000000001,432.15,High
192,1,ES-2013-3939561,2013-01-21,2013-01-24,Second Class,JG-15160,James Galang,Consumer,Stockton-on-Tees,England,United Kingdom,,EU,North,FUR-TA-10000184,Furniture,Tables,"Barricks Conference Table, Fully Assembled",5451.299999999999,6,0.0,2071.44,432.13,Medium
193,7,CA-2013-138478,2013-10-22,2013-10-27,Second Class,DP-13390,Dennis Pardue,Home Office,North Las Vegas,Nevada,United States,89031.0,US,West,OFF-BI-10001120,Office Supplies,Binders,Ibico EPK-21 Electric Binding System,4535.976000000001,3,0.2,1644.2912999999999,431.68,Medium
194,11,IN-2014-56808,2014-07-12,2014-07-14,Second Class,AG-10330,Alex Grayson,Consumer,Jambi,Jambi,Indonesia,,APAC,Southeast Asia,OFF-AP-10001956,Office Supplies,Appliances,"Breville Refrigerator, Black",1722.2831999999999,4,0.17,539.4431999999999,430.04,Critical
195,2,US-2013-116729,2013-12-26,2013-12-29,First Class,GK-14620,Grace Kelly,Corporate,Los Angeles,California,United States,90049.0,US,West,TEC-PH-10002200,Technology,Phones,Samsung Galaxy Note 2,2575.944,7,0.2,257.5944000000003,429.66,Medium
196,1,ES-2014-1972860,2014-09-01,2014-09-01,Same Day,NF-18475,Neil Französisch,Home Office,Moers,North Rhine-Westphalia,Germany,,EU,Central,OFF-AP-10003382,Office Supplies,Appliances,"Breville Stove, White",1007.4240000000001,2,0.1,134.30399999999997,428.83,Critical
197,6,CA-2011-119375,2011-11-17,2011-11-22,Standard Class,YC-21895,Yoseph Carroll,Corporate,Newark,Delaware,United States,19711.0,US,East,OFF-ST-10002011,Office Supplies,Storage,Smead Adjustable Mobile File Trolley with Lockable Top,2934.33,7,0.0,792.2691000000002,428.8,High
198,4,IN-2011-64326,2011-06-07,2011-06-11,Second Class,DR-12940,Daniel Raglin,Home Office,Townsville,Queensland,Australia,,APAC,Oceania,OFF-AP-10003917,Office Supplies,Appliances,"KitchenAid Stove, Silver",4624.290000000001,9,0.1,1644.0300000000002,427.46,Medium
199,9,ES-2011-3259196,2011-10-13,2011-10-13,Same Day,NB-18655,Nona Balk,Corporate,Hamburg,Hamburg,Germany,,EU,Central,OFF-ST-10002900,Office Supplies,Storage,"Smead Lockers, Wire Frame",1066.4460000000001,6,0.1,-11.934000000000026,427.24,Critical
200,9,IN-2013-48184,2013-06-10,2013-06-10,Same Day,NM-18445,Nathan Mautz,Home Office,Shenzhen,Guangdong,China,,APAC,North Asia,TEC-CO-10003819,Technology,Copiers,"Sharp Copy Machine, High-Speed",957.5999999999999,4,0.0,0.0,427.1,Critical
201,8,IN-2014-77017,2014-12-13,2014-12-17,Standard Class,TA-21385,Tom Ashbrook,Home Office,Launceston,Tasmania,Australia,,APAC,Oceania,OFF-AP-10000675,Office Supplies,Appliances,"Hamilton Beach Stove, White",4864.32,10,0.1,162.12,426.09,Medium
202,2,CA-2014-150091,2014-10-13,2014-10-17,Standard Class,NP-18670,Nora Paige,Consumer,Lakewood,New Jersey,United States,8701.0,US,East,FUR-BO-10003404,Furniture,Bookcases,"Global Adaptabilites Bookcase, Cherry/Storm Gray Finish",2154.9,5,0.0,129.29399999999987,426.05,High
203,9,ID-2014-31363,2014-06-10,2014-06-11,First Class,SC-20380,Shahid Collister,Consumer,Marikina,National Capital,Philippines,,APAC,Southeast Asia,OFF-AP-10001824,Office Supplies,Appliances,"Breville Stove, Silver",1433.8394999999998,3,0.15000000000000002,-84.37050000000002,424.81,High
204,7,SF-2011-6380,2011-02-15,2011-02-16,First Class,PA-9060,Pete Armstrong,Home Office,Johannesburg,Gauteng,South Africa,,Africa,Africa,OFF-SME-10000746,Office Supplies,Storage,"Smead Lockers, Industrial",2784.5999999999995,14,0.0,779.5199999999999,422.25,Critical
205,6,ES-2013-1692384,2013-11-28,2013-12-04,Standard Class,RB-19570,Rob Beeghly,Consumer,Barakaldo,Basque Country,Spain,,EU,South,FUR-BO-10004999,Furniture,Bookcases,"Safco Classic Bookcase, Metal",3063.27,7,0.0,1470.2100000000003,419.38,Low
206,11,CA-2014-165323,2014-06-18,2014-06-22,Standard Class,SR-20740,Steven Roelle,Home Office,New York City,New York,United States,10024.0,US,East,TEC-MA-10003673,Technology,Machines,Hewlett-Packard Desktjet 6988DT Refurbished Printer,3404.5,5,0.0,1668.205,419.06,High
207,5,CA-2013-168354,2013-09-20,2013-09-22,First Class,RH-19510,Rick Huthwaite,Home Office,Providence,Rhode Island,United States,2908.0,US,East,OFF-ST-10001490,Office Supplies,Storage,"Hot File 7-Pocket, Floor Stand",1606.23,9,0.0,481.86899999999986,418.26,High
208,11,US-2011-158554,2011-08-09,2011-08-09,Same Day,LH-16750,Larry Hughes,Consumer,Santo Domingo,Santo Domingo,Dominican Republic,,LATAM,Caribbean,TEC-PH-10004196,Technology,Phones,"Samsung Smart Phone, Cordless",2044.8000000000006,6,0.2,-332.2800000000002,417.98999999999995,High
209,1,CA-2011-141796,2011-06-21,2011-06-21,Same Day,JG-15160,James Galang,Consumer,Long Beach,New York,United States,11561.0,US,East,TEC-PH-10001578,Technology,Phones,Polycom SoundStation2 EX Conference phone,1214.85,3,0.0,352.30649999999997,417.47,Critical
210,5,IN-2012-12162,2012-08-02,2012-08-04,First Class,KB-16585,Ken Black,Corporate,Qingdao,Shandong,China,,APAC,North Asia,TEC-CO-10000208,Technology,Copiers,"Brother Wireless Fax, Color",1521.0,4,0.0,0.0,416.74,High
211,9,ES-2012-2510515,2012-06-19,2012-06-19,Same Day,LH-17155,Logan Haushalter,Consumer,Le Bouscat,Aquitaine,France,,EU,Central,OFF-AP-10002330,Office Supplies,Appliances,"Hamilton Beach Stove, Silver",2443.905,5,0.1,760.3049999999998,416.33,High
212,13,CA-2012-113404,2012-07-16,2012-07-16,Same Day,EM-13810,Eleni McCrary,Corporate,San Francisco,California,United States,94122.0,US,West,FUR-CH-10003312,Furniture,Chairs,Hon 2090 “Pillow Soft” Series Mid Back Swivel/Tilt Chairs,1348.7040000000002,6,0.2,-219.16440000000023,415.69,Critical
213,12,IR-2013-8520,2013-08-02,2013-08-02,Same Day,MZ-7515,Mary Zewe,Corporate,Shiraz,Fars,Iran,,EMEA,EMEA,TEC-EPS-10000053,Technology,Machines,"Epson Receipt Printer, Red",1141.8000000000002,10,0.0,570.9000000000001,415.01,Critical
214,6,IN-2014-68463,2014-05-22,2014-05-25,Second Class,DM-13345,Denise Monton,Corporate,Bokaro,Jharkhand,India,,APAC,Central Asia,OFF-ST-10004060,Office Supplies,Storage,"Fellowes Lockers, Blue",1865.9699999999998,9,0.0,802.17,413.95,Critical
215,8,ID-2011-64599,2011-02-10,2011-02-15,Standard Class,CA-11965,Carol Adams,Corporate,Fuji,Shizuoka,Japan,,APAC,North Asia,TEC-PH-10000303,Technology,Phones,"Samsung Smart Phone, VoIP",6998.64,11,0.0,2939.31,413.8,Medium
216,12,ES-2013-4632541,2013-09-27,2013-09-27,Same Day,SC-20305,Sean Christensen,Consumer,Benidorm,Valenciana,Spain,,EU,South,FUR-BO-10002708,Furniture,Bookcases,"Dania Library with Doors, Pine",1091.25,3,0.0,119.97,411.64,Critical
217,6,IN-2014-23761,2014-06-02,2014-06-04,First Class,MH-18115,Mick Hernandez,Home Office,Kozhikode,Kerala,India,,APAC,Central Asia,FUR-BO-10000210,Furniture,Bookcases,"Ikea Library with Doors, Pine",1094.22,3,0.0,328.23,411.06,Critical
218,8,IN-2013-16964,2013-09-30,2013-10-03,First Class,KS-16300,Karen Seio,Corporate,Adelaide,South Australia,Australia,,APAC,Oceania,FUR-BO-10001192,Furniture,Bookcases,"Bush Library with Doors, Mobile",1320.6240000000003,4,0.1,484.22400000000005,410.88,Critical
219,4,IN-2011-76989,2011-07-19,2011-07-20,First Class,BG-11740,Bruce Geld,Consumer,Kuala Lumpur,Kuala Lumpur,Malaysia,,APAC,Southeast Asia,TEC-PH-10004664,Technology,Phones,"Nokia Smart Phone, with Caller ID",2555.6400000000003,4,0.0,664.4399999999999,410.22,High
220,5,RS-2014-4620,2014-08-14,2014-08-16,Second Class,CR-2625,Corey Roper,Home Office,Astrakhan',Astrakhan',Russia,,EMEA,EMEA,FUR-SAU-10002255,Furniture,Bookcases,"Sauder Classic Bookcase, Pine",3498.7200000000003,8,0.0,594.72,410.05,Medium
221,9,CA-2013-147417,2013-07-26,2013-07-28,First Class,CB-12415,Christy Brittain,Consumer,Columbus,Ohio,United States,43229.0,US,East,TEC-CO-10001449,Technology,Copiers,Hewlett Packard LaserJet 3310 Copier,1439.9759999999999,4,0.4,191.9968,408.79,Critical
222,1,IN-2014-61393,2014-10-31,2014-11-03,First Class,DK-13090,Dave Kipp,Consumer,Xiangtan,Hunan,China,,APAC,North Asia,TEC-CO-10001954,Technology,Copiers,"Brother Wireless Fax, Laser",2272.8600000000006,6,0.0,977.22,406.53,High
223,12,IN-2013-13891,2013-07-25,2013-07-30,Standard Class,JL-15835,John Lee,Consumer,Shaoxing,Zhejiang,China,,APAC,North Asia,TEC-PH-10003002,Technology,Phones,"Cisco Smart Phone, Full Size",5211.12,8,0.0,833.76,404.97,Medium
224,3,IN-2014-32770,2014-10-07,2014-10-11,Standard Class,AP-10720,Anne Pryor,Home Office,Jabalpur,Madhya Pradesh,India,,APAC,Central Asia,TEC-PH-10003856,Technology,Phones,"Motorola Smart Phone, with Caller ID",2582.16,4,0.0,361.44,404.08,High
225,8,IN-2014-14780,2014-10-17,2014-10-21,Standard Class,CR-12820,Cyra Reiten,Home Office,Patna,Bihar,India,,APAC,Central Asia,TEC-PH-10004664,Technology,Phones,"Nokia Smart Phone, with Caller ID",3194.55,5,0.0,830.55,403.97,High
226,9,IN-2013-71585,2013-12-03,2013-12-06,Second Class,BF-11080,Bart Folk,Consumer,Adelaide,South Australia,Australia,,APAC,Oceania,FUR-CH-10000974,Furniture,Chairs,"Harbour Creations Executive Leather Armchair, Black",1704.9959999999996,4,0.1,378.876,403.46,Critical
227,6,IN-2014-20485,2014-11-08,2014-11-10,First Class,JM-15265,Janet Molinari,Corporate,Marikina,National Capital,Philippines,,APAC,Southeast Asia,OFF-AP-10003866,Office Supplies,Appliances,"Breville Microwave, Red",1538.7209999999998,6,0.15000000000000002,325.701,403.26,High
228,7,IN-2013-48184,2013-06-10,2013-06-10,Same Day,NM-18445,Nathan Mautz,Home Office,Shenzhen,Guangdong,China,,APAC,North Asia,FUR-CH-10003616,Furniture,Chairs,"Novimex Executive Leather Armchair, Adjustable",1381.3199999999997,3,0.0,593.9099999999999,403.15,Critical
229,11,IT-2011-4771701,2011-09-21,2011-09-23,Second Class,TW-21025,Tamara Willingham,Home Office,La Baule-Escoublac,Pays de la Loire,France,,EU,Central,FUR-BO-10004999,Furniture,Bookcases,"Safco Classic Bookcase, Metal",1181.547,3,0.1,498.80700000000013,401.25,Critical
230,5,IT-2011-2876489,2011-06-21,2011-06-24,First Class,RB-19330,Randy Bradley,Consumer,Dijon,Burgundy,France,,EU,Central,FUR-CH-10000479,Furniture,Chairs,"Harbour Creations Executive Leather Armchair, Adjustable",1696.2479999999998,4,0.1,734.9280000000001,401.13,High
231,12,CA-2014-133865,2014-05-09,2014-05-13,Standard Class,PS-19045,Penelope Sewall,Home Office,Los Angeles,California,United States,90032.0,US,West,TEC-CO-10001046,Technology,Copiers,Canon Imageclass D680 Copier / Fax,3359.952,6,0.2,1049.985,400.6,High
232,2,CA-2014-158379,2014-09-23,2014-09-27,Second Class,JA-15970,Joseph Airdo,Consumer,Philadelphia,Pennsylvania,United States,19134.0,US,East,OFF-SU-10002881,Office Supplies,Supplies,Martin Yale Chadless Opener Electric Letter Opener,4663.736000000001,7,0.2,-1049.3406,400.04,Medium
233,3,SF-2014-2330,2014-11-26,2014-11-29,Second Class,AB-60,Adam Bellavance,Home Office,Cape Town,Western Cape,South Africa,,Africa,Africa,OFF-HOO-10000318,Office Supplies,Appliances,"Hoover Microwave, Silver",1237.56,4,0.0,606.36,400.03,Critical
234,4,EG-2012-4640,2012-03-30,2012-04-01,First Class,JR-5670,Jim Radford,Consumer,Cairo,Al Qahirah,Egypt,,Africa,Africa,TEC-NOK-10001283,Technology,Phones,"Nokia Smart Phone, Full Size",1274.7,2,0.0,140.16,399.96,Critical
235,9,MX-2011-138002,2011-11-10,2011-11-15,Second Class,MD-17350,Maribeth Dona,Consumer,Medellín,Antioquia,Colombia,,LATAM,South,OFF-AP-10000407,Office Supplies,Appliances,"KitchenAid Refrigerator, Silver",3172.14,9,0.0,856.4399999999999,399.849,Medium
236,4,US-2014-102183,2014-08-22,2014-08-29,Standard Class,PK-19075,Pete Kriz,Consumer,New York City,New York,United States,10035.0,US,East,OFF-BI-10001359,Office Supplies,Binders,GBC DocuBind TL300 Electric Binding System,4305.552000000001,6,0.2,1453.1237999999996,398.64,Medium
237,5,ES-2012-5113958,2012-08-01,2012-08-06,Second Class,EB-13840,Ellis Ballard,Corporate,West Bromwich,England,United Kingdom,,EU,North,OFF-AP-10004512,Office Supplies,Appliances,"Hoover Stove, Red",3979.29,7,0.0,1989.5399999999997,398.5,Medium
238,5,CA-2014-120376,2014-12-23,2014-12-26,First Class,TP-21130,Theone Pippenger,Consumer,Detroit,Michigan,United States,48227.0,US,Central,FUR-CH-10002335,Furniture,Chairs,Hon GuestStacker Chair,1586.6899999999998,7,0.0,412.5394,397.52,High
239,11,CA-2014-168109,2014-07-04,2014-07-04,Same Day,JK-15640,Jim Kriz,Home Office,Seattle,Washington,United States,98105.0,US,West,TEC-MA-10001148,Technology,Machines,Okidata MB491 Multifunction Printer,2395.2000000000003,6,0.2,209.58000000000004,396.92,High
240,7,CA-2014-111556,2014-11-21,2014-11-23,First Class,CD-11920,Carlos Daly,Consumer,New York City,New York,United States,10035.0,US,East,TEC-PH-10001459,Technology,Phones,Samsung Galaxy Mega 6.3,1259.97,3,0.0,327.59220000000005,394.57,Critical
241,12,AJ-2013-2640,2013-01-23,2013-01-27,Standard Class,JL-5835,John Lee,Consumer,Baku,Baki,Azerbaijan,,EMEA,EMEA,FUR-BAR-10004434,Furniture,Tables,"Barricks Wood Table, Rectangular",2058.0,4,0.0,946.6800000000001,393.62,High
242,9,IN-2011-67651,2011-05-21,2011-05-25,Second Class,EP-13915,Emily Phan,Consumer,Jakarta,Jakarta,Indonesia,,APAC,Southeast Asia,FUR-BO-10002444,Furniture,Bookcases,"Sauder Library with Doors, Mobile",2539.8764999999994,7,0.07,709.9364999999999,393.58,High
243,8,ES-2014-4957212,2014-09-28,2014-10-01,First Class,MS-17770,Maxwell Schwartz,Consumer,Burnley,England,United Kingdom,,EU,North,FUR-BO-10004709,Furniture,Bookcases,"Bush Classic Bookcase, Pine",2898.21,7,0.0,1420.02,393.46,High
244,2,IT-2011-3528798,2011-11-06,2011-11-08,First Class,CM-12655,Corinna Mitchell,Home Office,Laval,Pays de la Loire,France,,EU,Central,TEC-MA-10004772,Technology,Machines,"Konica Inkjet, White",1320.0075000000002,5,0.15,357.1575,390.2,Critical
245,4,LH-2014-5390,2014-01-28,2014-01-30,Second Class,JC-6105,Julie Creighton,Corporate,Vilnius,Vilnius,Lithuania,,EMEA,EMEA,FUR-BAR-10003532,Furniture,Tables,"Barricks Conference Table, Rectangular",2171.16,8,0.7,-2750.2799999999993,390.09,High
246,7,IN-2014-32588,2014-09-13,2014-09-19,Standard Class,GB-14530,George Bell,Corporate,Brisbane,Queensland,Australia,,APAC,Oceania,TEC-CO-10002911,Technology,Copiers,"Hewlett Wireless Fax, Laser",4448.223,13,0.1,444.4830000000002,386.38,Medium
247,3,CA-2012-137113,2012-12-01,2012-12-05,Second Class,TW-21025,Tamara Willingham,Home Office,Seattle,Washington,United States,98105.0,US,West,FUR-TA-10001705,Furniture,Tables,Bush Advantage Collection Round Conference Table,1913.3999999999999,9,0.0,401.81399999999985,386.21,High
248,8,US-2011-161760,2011-12-22,2011-12-24,First Class,JH-16180,Justin Hirsh,Consumer,Buenos Aires,Buenos Aires,Argentina,,LATAM,South,TEC-PH-10000169,Technology,Phones,"Apple Smart Phone, with Caller ID",2300.6159999999995,9,0.4,38.1960000000001,386.00300000000004,High
249,3,EG-2013-4530,2013-02-05,2013-02-07,Second Class,MT-8070,Michelle Tran,Home Office,Girga,Suhaj,Egypt,,Africa,Africa,FUR-SAU-10004653,Furniture,Bookcases,"Sauder Classic Bookcase, Traditional",2615.94,6,0.0,1072.44,384.41,Critical
250,4,IN-2011-51964,2011-12-28,2011-12-29,First Class,AB-10105,Adrian Barton,Consumer,Kochi,Kerala,India,,APAC,Central Asia,TEC-CO-10002526,Technology,Copiers,"Sharp Wireless Fax, Digital",1066.68,3,0.0,394.65000000000003,383.68,Critical
251,10,CA-2013-122903,2013-05-28,2013-05-30,Second Class,LA-16780,Laura Armstrong,Corporate,Detroit,Michigan,United States,48205.0,US,Central,FUR-CH-10002024,Furniture,Chairs,HON 5400 Series Task Chairs for Big and Tall,3504.9,5,0.0,700.9800000000001,383.35,High
252,13,LT-2011-270,2011-04-27,2011-04-30,First Class,CV-2805,Cynthia Voltz,Corporate,Maseru,Maseru,Lesotho,,Africa,Africa,TEC-NOK-10004339,Technology,Phones,"Nokia Smart Phone, Cordless",2544.6000000000004,4,0.0,814.1999999999999,383.01,High
253,3,IN-2011-86278,2011-10-06,2011-10-11,Standard Class,NH-18610,Nicole Hansen,Corporate,Wellington,Wellington,New Zealand,,APAC,Oceania,FUR-TA-10000022,Furniture,Tables,"Hon Conference Table, Adjustable Height",3694.68,4,0.0,886.6800000000001,382.77,High
254,1,ID-2013-17055,2013-08-24,2013-08-26,Second Class,HJ-14875,Heather Jas,Home Office,Luoyang,Henan,China,,APAC,North Asia,FUR-TA-10002153,Furniture,Tables,"Lesro Round Table, with Bottom Storage",2214.849,7,0.3,-221.57100000000014,382.1,Critical
255,7,MX-2013-151764,2013-09-21,2013-09-24,Second Class,JL-15175,James Lanier,Home Office,Feira de Santana,Bahia,Brazil,,LATAM,South,FUR-CH-10000843,Furniture,Chairs,"SAFCO Executive Leather Armchair, Set of Two",1236.4799999999998,4,0.0,111.28,381.219,Critical
256,7,MX-2014-124744,2014-12-17,2014-12-19,First Class,MY-18295,Muhammed Yedwab,Corporate,Matagalpa,Matagalpa,Nicaragua,,LATAM,Central,OFF-AP-10002681,Office Supplies,Appliances,"Hamilton Beach Stove, Black",1805.9,5,0.0,126.40000000000002,381.14,Critical
257,6,US-2011-106992,2011-09-19,2011-09-21,Second Class,SB-20290,Sean Braxton,Corporate,Houston,Texas,United States,77036.0,US,Central,TEC-MA-10000822,Technology,Machines,Lexmark MX611dhe Monochrome Laser Printer,3059.982,3,0.4,-509.99700000000075,380.77,Medium
258,13,CA-2014-168109,2014-07-04,2014-07-04,Same Day,JK-15640,Jim Kriz,Home Office,Seattle,Washington,United States,98105.0,US,West,TEC-AC-10002049,Technology,Accessories,Plantronics Savi W720 Multi-Device Wireless Headset System,1687.8,4,0.0,742.6320000000001,379.56,High
259,5,CA-2011-117639,2011-05-21,2011-05-25,Standard Class,MW-18235,Mitch Willingham,Corporate,Virginia Beach,Virginia,United States,23464.0,US,South,OFF-BI-10003925,Office Supplies,Binders,Fellowes PB300 Plastic Comb Binding Machine,2715.9300000000003,7,0.0,1276.4871,378.83,High
260,12,MX-2014-140305,2014-06-03,2014-06-07,Standard Class,KC-16540,Kelly Collister,Consumer,Managua,Managua,Nicaragua,,LATAM,Central,OFF-AP-10004627,Office Supplies,Appliances,"Hamilton Beach Stove, Silver",1810.3,5,0.0,54.29999999999999,378.258,High
261,10,MX-2014-113845,2014-09-12,2014-09-14,First Class,CS-12460,Chuck Sachs,Consumer,Managua,Managua,Nicaragua,,LATAM,Central,TEC-PH-10001076,Technology,Phones,"Nokia Smart Phone, Cordless",2120.5,5,0.0,106.0,377.704,Critical
262,10,IN-2014-61932,2014-04-17,2014-04-17,Same Day,HA-14920,Helen Andreada,Consumer,Wuhai,Inner Mongolia,China,,APAC,North Asia,TEC-PH-10001457,Technology,Phones,"Apple Smart Phone, Full Size",1275.0,2,0.0,140.22,377.58,Critical
263,7,ES-2012-4589770,2012-11-21,2012-11-24,Second Class,MT-17815,Meg Tillman,Consumer,Nantes,Pays de la Loire,France,,EU,Central,TEC-MA-10004534,Technology,Machines,"Konica Printer, Wireless",1593.6480000000001,7,0.15,-225.16200000000003,377.03,Critical
264,7,ES-2014-1331794,2014-03-06,2014-03-08,First Class,FW-14395,Fred Wasserman,Corporate,Strasbourg,Alsace,France,,EU,Central,FUR-BO-10003991,Furniture,Bookcases,"Bush Classic Bookcase, Traditional",1114.236,3,0.1,383.706,376.88,Critical
265,8,ES-2012-4621754,2012-07-23,2012-07-28,Standard Class,BH-11710,Brosina Hoffman,Consumer,Berlin,Berlin,Germany,,EU,Central,TEC-PH-10002623,Technology,Phones,"Cisco Smart Phone, with Caller ID",2944.08,5,0.1,1112.13,376.58,High
266,1,ID-2014-41191,2014-11-07,2014-11-09,First Class,DK-12895,Dana Kaydos,Consumer,Surabaya,Jawa Timur,Indonesia,,APAC,Southeast Asia,OFF-AP-10002793,Office Supplies,Appliances,"KitchenAid Stove, Black",3309.2598,7,0.17,318.85979999999995,374.8,High
267,6,MX-2014-128405,2014-11-22,2014-11-24,First Class,KD-16270,Karen Daniels,Consumer,Tupã,São Paulo,Brazil,,LATAM,South,FUR-CH-10002093,Furniture,Chairs,"Harbour Creations Rocking Chair, Adjustable",897.4800000000001,9,0.0,322.92,374.37600000000003,Critical
268,5,ES-2011-1858721,2011-06-11,2011-06-14,First Class,SC-20845,Sung Chung,Consumer,Vienna,Vienna,Austria,,EU,Central,FUR-BO-10003103,Furniture,Bookcases,"Ikea Classic Bookcase, Metal",2056.0499999999997,5,0.0,390.6,372.5,High
269,5,MX-2012-168865,2012-09-14,2012-09-19,Standard Class,CY-12745,Craig Yedwab,Corporate,Mexico City,Distrito Federal,Mexico,,LATAM,North,TEC-CO-10001818,Technology,Copiers,"Sharp Wireless Fax, Digital",2365.6592,10,0.002,18.859199999999998,372.318,High
270,11,IN-2011-52279,2011-11-25,2011-11-25,Same Day,HL-15040,Hunter Lopez,Consumer,Hobart,Tasmania,Australia,,APAC,Oceania,TEC-CO-10002040,Technology,Copiers,"Brother Fax Machine, Digital",1336.356,7,0.4,44.436000000000035,371.74,Critical
271,7,IN-2012-14724,2012-08-10,2012-08-12,First Class,CT-11995,Carol Triggs,Consumer,Hirakata,Osaka,Japan,,APAC,North Asia,TEC-CO-10001654,Technology,Copiers,"Hewlett Wireless Fax, Digital",3038.64,8,0.0,1245.84,371.51,High
272,3,ES-2013-3042991,2013-03-20,2013-03-23,Second Class,CC-12370,Christopher Conant,Consumer,Preston,England,United Kingdom,,EU,North,OFF-AP-10002397,Office Supplies,Appliances,"Breville Microwave, White",2698.6499999999996,9,0.0,890.46,369.98,High
273,12,LT-2013-3900,2013-12-30,2014-01-04,Standard Class,GR-4560,Georgia Rosenberg,Corporate,Maseru,Maseru,Lesotho,,Africa,Africa,TEC-CAN-10001853,Technology,Copiers,"Canon Fax Machine, High-Speed",3799.0800000000004,12,0.0,455.76000000000005,369.73,Medium
274,7,IN-2012-18518,2012-10-04,2012-10-09,Standard Class,TT-21070,Ted Trevino,Consumer,Agra,Uttar Pradesh,India,,APAC,Central Asia,FUR-CH-10001207,Furniture,Chairs,"Hon Executive Leather Armchair, Red",2756.3399999999992,6,0.0,413.28,369.4,High
275,6,IT-2012-4058325,2012-08-06,2012-08-07,First Class,PO-19195,Phillina Ober,Home Office,Granollers,Catalonia,Spain,,EU,South,TEC-PH-10002597,Technology,Phones,"Apple Signal Booster, with Caller ID",983.8800000000001,8,0.1,-11.16000000000001,369.17,Critical
276,12,IN-2012-42220,2012-10-02,2012-10-02,Same Day,ED-13885,Emily Ducich,Home Office,Ho Chi Minh City,Ho Chí Minh City,Vietnam,,APAC,Southeast Asia,FUR-CH-10003232,Furniture,Chairs,"Harbour Creations Executive Leather Armchair, Adjustable",1719.8069999999998,5,0.27,117.65700000000004,368.44,High
277,6,IN-2014-17972,2014-03-26,2014-03-29,First Class,AP-10915,Arthur Prichep,Consumer,Jakarta,Jakarta,Indonesia,,APAC,Southeast Asia,OFF-AP-10003917,Office Supplies,Appliances,"KitchenAid Stove, Silver",1421.5410000000002,3,0.17,428.12099999999987,367.57,Critical
278,1,MX-2014-151554,2014-11-21,2014-11-21,Same Day,TM-21490,Tony Molinari,Consumer,Camagüey,Camagüey,Cuba,,LATAM,Caribbean,TEC-CO-10002617,Technology,Copiers,"Brother Fax Machine, High-Speed",1053.6884,5,0.002,441.2884,367.549,High
279,5,IT-2011-3270900,2011-11-30,2011-12-01,First Class,AW-10840,Anthony Witt,Consumer,Amsterdam,North Holland,Netherlands,,EU,Central,TEC-CO-10000556,Technology,Copiers,"HP Wireless Fax, Laser",1440.8400000000001,8,0.5,-1268.0400000000002,367.35,Critical
280,9,IN-2011-28087,2011-11-03,2011-11-05,Second Class,DP-13105,Dave Poirier,Corporate,Gold Coast,Queensland,Australia,,APAC,Oceania,FUR-CH-10003232,Furniture,Chairs,"Harbour Creations Executive Leather Armchair, Adjustable",2544.372,6,0.1,621.792,366.89,Critical
281,1,CA-2012-123113,2012-11-23,2012-11-27,Second Class,AT-10735,Annie Thurman,Consumer,Morristown,New Jersey,United States,7960.0,US,East,OFF-AP-10000275,Office Supplies,Appliances,"Sanyo Counter Height Refrigerator with Crisper, 3.6 Cubic Foot, Stainless Steel/Black",2625.12,8,0.0,735.0336,366.72,Medium
282,6,RO-2012-9480,2012-12-06,2012-12-06,Same Day,SG-10605,Speros Goranitis,Consumer,Piatra-Neamt,Neamt,Romania,,EMEA,EMEA,TEC-HEW-10003460,Technology,Copiers,"Hewlett Fax and Copier, Color",1554.48,8,0.0,341.76,366.58,High
283,9,MX-2013-109981,2013-12-03,2013-12-04,First Class,BM-11785,Bryan Mills,Consumer,Milpa Alta,Distrito Federal,Mexico,,LATAM,North,TEC-PH-10004196,Technology,Phones,"Samsung Smart Phone, Cordless",1278.0000000000005,3,0.0,89.46,365.902,High
284,4,MX-2012-130351,2012-12-20,2012-12-24,Standard Class,FH-14365,Fred Hopkins,Corporate,Mexico City,Distrito Federal,Mexico,,LATAM,North,TEC-PH-10002672,Technology,Phones,"Cisco Smart Phone, Full Size",3474.0800000000004,8,0.0,625.28,365.652,High
285,8,MX-2012-135076,2012-09-13,2012-09-15,Second Class,DK-13375,Dennis Kane,Consumer,León,Guanajuato,Mexico,,LATAM,North,TEC-PH-10000106,Technology,Phones,"Apple Smart Phone, Full Size",2550.0,6,0.0,357.0,365.2,Medium
286,9,CA-2013-114972,2013-11-04,2013-11-07,First Class,PF-19225,Phillip Flathmann,Consumer,Los Angeles,California,United States,90032.0,US,West,OFF-AP-10003057,Office Supplies,Appliances,Honeywell Enviracaire Portable HEPA Air Cleaner for 16' x 20' Room,1101.48,4,0.0,429.57720000000006,364.76,Critical
287,13,CA-2013-146633,2013-11-16,2013-11-18,Second Class,TG-21310,Toby Gnade,Consumer,Los Angeles,California,United States,90049.0,US,West,OFF-BI-10003527,Office Supplies,Binders,Fellowes PB500 Electric Punch Plastic Comb Binding Machine with Manual Bind,1016.792,1,0.2,381.297,363.87,Critical
288,11,CA-2013-110499,2013-04-08,2013-04-10,First Class,YC-21895,Yoseph Carroll,Corporate,San Francisco,California,United States,94110.0,US,West,TEC-CO-10002095,Technology,Copiers,Hewlett Packard 610 Color Digital Copier / Printer,1199.976,3,0.2,374.99249999999995,363.78,High
289,7,TU-2012-2690,2012-05-23,2012-05-26,First Class,SF-10200,Sarah Foster,Consumer,Izmir,Izmir,Turkey,,EMEA,EMEA,TEC-SAM-10000345,Technology,Phones,"Samsung Audio Dock, with Caller ID",934.248,14,0.6,-1331.6519999999998,363.73,High
290,8,CA-2014-166709,2014-11-18,2014-11-23,Standard Class,HL-15040,Hunter Lopez,Consumer,Newark,Delaware,United States,19711.0,US,East,TEC-CO-10004722,Technology,Copiers,Canon imageCLASS 2200 Advanced Copier,10499.97,3,0.0,5039.9856,363.19,Medium
291,5,SG-2014-9460,2014-04-14,2014-04-17,Second Class,JW-5220,Jane Waco,Corporate,Dakar,Dakar,Senegal,,Africa,Africa,TEC-CIS-10002259,Technology,Phones,"Cisco Smart Phone, Cordless",3908.88,6,0.0,1563.48,363.16,Medium
292,7,MX-2014-164217,2014-08-29,2014-09-02,Standard Class,CC-12100,Chad Cunningham,Home Office,Coyoacán,Distrito Federal,Mexico,,LATAM,North,TEC-PH-10004182,Technology,Phones,"Motorola Smart Phone, Full Size",2142.3,5,0.0,556.9,363.1,High
293,12,ID-2014-80657,2014-05-16,2014-05-18,Second Class,RD-19930,Russell D'Ascenzo,Consumer,Manukau City,Auckland,New Zealand,,APAC,Oceania,OFF-AP-10004350,Office Supplies,Appliances,"KitchenAid Refrigerator, Red",1900.5839999999998,6,0.4,-348.5160000000001,360.04,High
294,6,CM-2012-6440,2012-12-13,2012-12-15,First Class,BP-1230,Benjamin Patterson,Consumer,Yaounde,Centre,Cameroon,,Africa,Africa,OFF-HOO-10000335,Office Supplies,Appliances,"Hoover Microwave, White",1840.6799999999998,6,0.0,496.98,359.58,Critical
295,11,ES-2011-5287434,2011-03-31,2011-04-04,Standard Class,SA-20830,Sue Ann Reed,Consumer,Newcastle upon Tyne,England,United Kingdom,,EU,North,FUR-BO-10004129,Furniture,Bookcases,"Sauder Classic Bookcase, Pine",2624.04,6,0.0,446.04,359.28,High
296,2,IN-2012-79439,2012-02-04,2012-02-08,Second Class,EM-13810,Eleni McCrary,Corporate,Dehra Dun,Uttarakhand,India,,APAC,Central Asia,FUR-BO-10001372,Furniture,Bookcases,"Safco Classic Bookcase, Pine",3076.5,7,0.0,215.25,359.27,Medium
297,5,IN-2013-58929,2013-05-29,2013-06-01,Second Class,CS-12175,Charles Sheldon,Corporate,Bangkok,Bangkok,Thailand,,APAC,Southeast Asia,TEC-PH-10004664,Technology,Phones,"Nokia Smart Phone, with Caller ID",3181.7718,6,0.17,344.9717999999997,359.09,Medium
298,5,IT-2012-2646674,2012-08-29,2012-09-01,First Class,JD-16060,Julia Dunbar,Consumer,Santander,Cantabria,Spain,,EU,South,OFF-ST-10004597,Office Supplies,Storage,"Rogers File Cart, Blue",1392.6330000000003,11,0.1,-139.55700000000002,358.96,Critical
299,2,IN-2011-63577,2011-06-15,2011-06-17,First Class,GH-14665,Greg Hansen,Consumer,Cangzhou,Hebei,China,,APAC,North Asia,FUR-CH-10001664,Furniture,Chairs,"Novimex Swivel Stool, Black",1296.2400000000002,8,0.0,285.12,358.85,Critical
300,13,IN-2014-16068,2014-08-28,2014-08-31,First Class,CM-11935,Carlos Meador,Consumer,Shanghai,Shanghai,China,,APAC,North Asia,OFF-AP-10003240,Office Supplies,Appliances,"Breville Stove, Black",1682.91,3,0.0,487.98,358.51,Medium
301,9,MX-2011-150973,2011-10-27,2011-10-28,First Class,JB-16000,Joy Bell-,Consumer,León,León,Nicaragua,,LATAM,Central,TEC-PH-10004196,Technology,Phones,"Samsung Smart Phone, Cordless",1278.0000000000005,3,0.0,89.46,358.17600000000004,Critical
302,2,RS-2014-4120,2014-03-19,2014-03-23,Second Class,RB-9465,Rick Bensley,Home Office,Rybinsk,Yaroslavl',Russia,,EMEA,EMEA,TEC-MOT-10003348,Technology,Phones,"Motorola Smart Phone, Full Size",2570.7599999999998,4,0.0,976.8000000000001,357.89,Medium
303,13,MX-2014-154935,2014-09-11,2014-09-18,Standard Class,RB-19795,Ross Baird,Home Office,Ibiúna,São Paulo,Brazil,,LATAM,South,FUR-TA-10000136,Furniture,Tables,"Chromcraft Conference Table, Adjustable Height",2332.96,5,0.2,349.86,357.789,Low
304,4,ID-2012-83604,2012-08-28,2012-08-28,Same Day,PO-19195,Phillina Ober,Home Office,Gold Coast,Queensland,Australia,,APAC,Oceania,FUR-BO-10002866,Furniture,Bookcases,"Safco Classic Bookcase, Pine",1582.1999999999998,6,0.4,-870.3000000000002,357.21,Critical
305,2,US-2014-117723,2014-08-16,2014-08-19,Second Class,DL-13495,Dionis Lloyd,Corporate,Philadelphia,Pennsylvania,United States,19120.0,US,East,OFF-ST-10004459,Office Supplies,Storage,Tennsco Single-Tier Lockers,1801.632,6,0.2,-337.80600000000004,356.88,High
306,3,IN-2013-81112,2013-08-01,2013-08-04,Second Class,TS-21205,Thomas Seio,Corporate,Canberra,Australian Capital Territory,Australia,,APAC,Oceania,FUR-TA-10001276,Furniture,Tables,"Lesro Coffee Table, with Bottom Storage",1512.0,6,0.0,498.96,356.84,Critical
307,10,CA-2013-147368,2013-06-10,2013-06-13,First Class,TC-21295,Toby Carlisle,Consumer,Tallahassee,Florida,United States,32303.0,US,South,TEC-MA-10002178,Technology,Machines,Cisco CP-7937G Unified IP Conference Station Phone,695.7,2,0.5,-27.827999999999975,356.68,Critical
308,4,SF-2014-3560,2014-12-24,2014-12-27,First Class,MV-8190,Mike Vittorini,Consumer,Port Elizabeth,Eastern Cape,South Africa,,Africa,Africa,TEC-APP-10002966,Technology,Phones,"Apple Smart Phone, Full Size",2550.0,4,0.0,714.0,355.92,Medium
309,5,CA-2012-147830,2012-12-15,2012-12-18,First Class,NF-18385,Natalie Fritzler,Consumer,Newark,Ohio,United States,43055.0,US,East,TEC-AC-10002049,Technology,Accessories,Plantronics Savi W720 Multi-Device Wireless Headset System,2025.3600000000001,6,0.2,607.6080000000001,355.61,High
310,2,ES-2012-1439357,2012-02-23,2012-02-26,First Class,BD-11560,Brendan Dodson,Home Office,Cambridge,England,United Kingdom,,EU,North,FUR-CH-10000685,Furniture,Chairs,"Hon Executive Leather Armchair, Black",2285.6999999999994,5,0.0,845.7,355.06,High
311,1,IN-2014-16054,2014-10-11,2014-10-13,Second Class,PS-18760,Pamela Stobb,Consumer,Bandung,Jawa Barat,Indonesia,,APAC,Southeast Asia,FUR-BO-10001541,Furniture,Bookcases,"Bush Stackable Bookrack, Traditional",1029.2588999999998,9,0.07,10.818900000000014,354.47,Critical
312,4,US-2014-148817,2014-04-21,2014-04-23,Second Class,FM-14215,Filia McAdams,Corporate,Mixco,Guatemala,Guatemala,,LATAM,Central,TEC-CO-10003931,Technology,Copiers,"Hewlett Fax Machine, High-Speed",1058.2792000000002,5,0.002,-2.1208,354.423,Critical
313,4,IN-2013-50809,2013-06-12,2013-06-17,Standard Class,CA-12775,Cynthia Arntzen,Consumer,Kota,Chhattisgarh,India,,APAC,Central Asia,TEC-PH-10000169,Technology,Phones,"Apple Smart Phone, with Caller ID",5751.540000000001,9,0.0,2817.9900000000002,353.85,Medium
314,8,ES-2013-1211534,2013-09-17,2013-09-20,First Class,CD-12790,Cynthia Delaney,Home Office,Munster,Lower Saxony,Germany,,EU,Central,FUR-BO-10001553,Furniture,Bookcases,"Sauder Library with Doors, Traditional",2442.069,7,0.1,-244.251,353.57,High
315,3,IN-2014-81154,2014-09-19,2014-09-19,Same Day,NL-18310,Nancy Lomonaco,Home Office,Christchurch,Canterbury,New Zealand,,APAC,Oceania,OFF-ST-10004748,Office Supplies,Storage,"Smead Lockers, Blue",1190.52,6,0.0,178.56,353.42,Critical
316,1,IT-2014-2009199,2014-11-26,2014-12-03,Standard Class,TB-21055,Ted Butterfield,Consumer,Vincennes,Ile-de-France,France,,EU,Central,OFF-AP-10000540,Office Supplies,Appliances,"Hamilton Beach Refrigerator, Red",3150.8189999999995,7,0.1,-35.09100000000001,353.04,Medium
317,13,ES-2014-1972860,2014-09-01,2014-09-01,Same Day,NF-18475,Neil Französisch,Home Office,Moers,North Rhine-Westphalia,Germany,,EU,Central,TEC-CO-10004567,Technology,Copiers,"Brother Fax Machine, Color",1599.9,5,0.0,719.85,352.79,Critical
318,12,IN-2014-51432,2014-06-20,2014-06-26,Standard Class,KD-16495,Keith Dawkins,Corporate,Chongqing,Chongqing,China,,APAC,North Asia,FUR-BO-10001749,Furniture,Bookcases,"Bush Classic Bookcase, Traditional",2063.4,5,0.0,123.75,352.64,Low
319,1,HU-2014-7310,2014-10-23,2014-10-25,First Class,EH-4125,Eugene Hildebrand,Home Office,Gyula,Bekes,Hungary,,EMEA,EMEA,OFF-ROG-10003898,Office Supplies,Storage,"Rogers Lockers, Single Width",1269.8999999999999,6,0.0,558.72,352.52,High
320,1,IN-2011-26176,2011-08-16,2011-08-20,Standard Class,KB-16600,Ken Brennan,Corporate,Lucknow,Uttar Pradesh,India,,APAC,Central Asia,FUR-BO-10001934,Furniture,Bookcases,"Bush Library with Doors, Metal",3274.0200000000004,9,0.0,261.9,351.08,Medium
321,5,MX-2014-113845,2014-09-12,2014-09-14,First Class,CS-12460,Chuck Sachs,Consumer,Managua,Managua,Nicaragua,,LATAM,Central,TEC-PH-10002815,Technology,Phones,"Samsung Smart Phone, VoIP",848.32,2,0.0,110.28,351.067,Critical
322,10,CA-2012-102491,2012-08-24,2012-08-28,Standard Class,KW-16435,Katrina Willman,Consumer,Florence,Kentucky,United States,41042.0,US,South,TEC-MA-10000864,Technology,Machines,Cisco 9971 IP Video Phone Charcoal,3080.0,7,0.0,1416.7999999999997,351.01,High
323,10,ES-2014-5345830,2014-01-14,2014-01-16,First Class,MG-17695,Maureen Gnade,Consumer,Turin,Piedmont,Italy,,EU,South,TEC-CO-10002663,Technology,Copiers,"Sharp Wireless Fax, Laser",2847.36,8,0.0,711.84,350.68,High
324,8,ID-2014-58271,2014-11-13,2014-11-15,Second Class,VF-21715,Vicky Freymann,Home Office,Manila,National Capital,Philippines,,APAC,Southeast Asia,FUR-CH-10000602,Furniture,Chairs,"Novimex Executive Leather Armchair, Red",1725.75,5,0.25,-483.2999999999999,350.68,Critical
325,6,ID-2013-57949,2013-06-13,2013-06-13,Same Day,AM-10705,Anne McFarland,Consumer,Medan,Sumatera Utara,Indonesia,,APAC,Southeast Asia,TEC-CO-10001419,Technology,Copiers,"Hewlett Copy Machine, Color",1479.3137999999997,6,0.07,-63.646199999999986,350.31,High
326,8,US-2012-128587,2012-12-24,2012-12-30,Standard Class,HM-14860,Harry Marie,Corporate,Springfield,Missouri,United States,65807.0,US,Central,TEC-CO-10003763,Technology,Copiers,Canon PC1060 Personal Laser Copier,4899.93,7,0.0,2302.9671,350.09,Medium
327,11,IN-2014-68750,2014-09-22,2014-09-25,Second Class,BP-11290,Beth Paige,Consumer,Singapore,Singapore,Singapore,,APAC,Southeast Asia,TEC-CO-10000679,Technology,Copiers,"Hewlett Personal Copier, High-Speed",1282.2299999999998,9,0.0,12.69,349.88,Critical
328,11,AO-2011-1670,2011-01-08,2011-01-13,Standard Class,HZ-4950,Henia Zydlo,Consumer,Benguela,Benguela,Angola,,Africa,Africa,FUR-IKE-10001539,Furniture,Bookcases,"Ikea Classic Bookcase, Pine",2478.6,6,0.0,49.5,349.87,High
329,8,CA-2013-118689,2013-10-03,2013-10-10,Standard Class,TC-20980,Tamara Chand,Corporate,Lafayette,Indiana,United States,47905.0,US,Central,TEC-CO-10004722,Technology,Copiers,Canon imageCLASS 2200 Advanced Copier,17499.949999999997,5,0.0,8399.975999999999,349.07,Medium
330,3,IN-2013-42535,2013-07-30,2013-07-30,Same Day,EM-13825,Elizabeth Moffitt,Corporate,Himeji,Hyogo,Japan,,APAC,North Asia,TEC-CO-10002376,Technology,Copiers,"Hewlett Fax Machine, Laser",959.76,3,0.0,460.62,348.48,Critical
331,4,CA-2012-124891,2012-07-31,2012-07-31,Same Day,RH-19495,Rick Hansen,Consumer,New York City,New York,United States,10024.0,US,East,FUR-TA-10002903,Furniture,Tables,"Bevis Round Bullnose 29"" High Table Top",1090.782,7,0.4,-290.8752,348.18,Critical
332,10,IN-2014-27947,2014-04-30,2014-05-04,Standard Class,BS-11800,Bryan Spruell,Home Office,Kendari,Sulawesi Tenggara,Indonesia,,APAC,Southeast Asia,OFF-AP-10000136,Office Supplies,Appliances,"Hamilton Beach Refrigerator, White",4135.641,10,0.17,847.0409999999999,348.08,Medium
333,5,MX-2011-158204,2011-09-28,2011-09-30,Second Class,DV-13465,Dianna Vittorini,Consumer,Mejicanos,San Salvador,El Salvador,,LATAM,Central,FUR-BO-10000567,Furniture,Bookcases,"Sauder Classic Bookcase, Traditional",2325.28,8,0.0,511.52,347.815,High
334,8,IN-2014-56206,2014-06-24,2014-06-28,Standard Class,MB-17305,Maria Bertelson,Consumer,Sydney,New South Wales,Australia,,APAC,Oceania,FUR-BO-10001471,Furniture,Bookcases,"Sauder Classic Bookcase, Metal",5486.67,14,0.1,2316.5099999999998,346.6,Medium
335,2,IT-2011-3316894,2011-04-06,2011-04-08,First Class,PC-19000,Pauline Chand,Home Office,Barcelona,Catalonia,Spain,,EU,South,OFF-ST-10001758,Office Supplies,Storage,"Rogers Lockers, Blue",1523.664,8,0.1,-50.97600000000003,345.81,High
336,5,IT-2014-2819680,2014-08-07,2014-08-09,Second Class,CA-12310,Christine Abelman,Corporate,Menton,Provence-Alpes-Côte d'Azur,France,,EU,Central,TEC-PH-10004505,Technology,Phones,"Nokia Smart Phone, Full Size",1625.2425000000003,3,0.15,-76.5675,345.78,Critical
337,5,US-2013-138408,2013-11-19,2013-11-22,Second Class,KC-16255,Karen Carlisle,Corporate,Huntsville,Alabama,United States,35810.0,US,South,TEC-AC-10003870,Technology,Accessories,Logitech Z-906 Speaker sys - home theater - 5.1-CH,1319.96,4,0.0,527.984,345.77,Critical
338,7,ES-2014-2179863,2014-02-14,2014-02-16,First Class,MB-18085,Mick Brown,Consumer,Clermont-Ferrand,Auvergne,France,,EU,Central,OFF-ST-10004191,Office Supplies,Storage,"Tenex Lockers, Blue",734.9399999999999,4,0.1,130.62000000000003,344.98,Critical
339,5,US-2014-110576,2014-11-29,2014-12-03,Standard Class,RB-19795,Ross Baird,Home Office,Philadelphia,Pennsylvania,United States,19120.0,US,East,FUR-TA-10004154,Furniture,Tables,"Riverside Furniture Oval Coffee Table, Oval End Table, End Table with Drawer",2065.32,12,0.4,-619.5960000000001,344.98,High
340,12,RO-2012-8470,2012-08-17,2012-08-19,Second Class,DB-3660,Duane Benoit,Consumer,Buzau,Buzau,Romania,,EMEA,EMEA,FUR-OFF-10001224,Furniture,Chairs,"Office Star Swivel Stool, Red",1391.52,8,0.0,69.36,344.5,Critical
341,2,CA-2012-111514,2012-08-31,2012-09-02,First Class,SC-20260,Scott Cohen,Corporate,San Francisco,California,United States,94122.0,US,West,FUR-BO-10002545,Furniture,Bookcases,"Atlantic Metals Mobile 3-Shelf Bookcases, Custom Colors",1552.831,7,0.15,200.95460000000008,343.97,High
342,6,MX-2012-157987,2012-08-07,2012-08-08,First Class,BG-11740,Bruce Geld,Consumer,Bayeux,Paraíba,Brazil,,LATAM,South,OFF-AP-10004913,Office Supplies,Appliances,"KitchenAid Refrigerator, Black",2461.0600000000004,7,0.0,566.02,343.809,High
343,11,US-2014-105935,2014-01-27,2014-02-01,Standard Class,BD-11500,Bradley Drucker,Consumer,Columbus,Georgia,United States,31907.0,US,South,TEC-PH-10001459,Technology,Phones,Samsung Galaxy Mega 6.3,2939.9300000000003,7,0.0,764.3818000000001,343.25,High
344,5,CA-2011-139892,2011-09-08,2011-09-12,Standard Class,BM-11140,Becky Martin,Consumer,San Antonio,Texas,United States,78207.0,US,Central,TEC-MA-10000822,Technology,Machines,Lexmark MX611dhe Monochrome Laser Printer,8159.951999999999,8,0.4,-1359.992000000002,342.11,Medium
345,4,IN-2012-45825,2012-08-09,2012-08-11,First Class,KB-16315,Karl Braun,Consumer,Kuala Lumpur,Kuala Lumpur,Malaysia,,APAC,Southeast Asia,TEC-MA-10002392,Technology,Machines,"Konica Card Printer, Wireless",1226.19,7,0.0,612.99,340.09,Critical
346,9,ID-2013-58642,2013-02-21,2013-02-22,First Class,PK-19075,Pete Kriz,Consumer,Perth,Western Australia,Australia,,APAC,Oceania,FUR-TA-10003222,Furniture,Tables,"Barricks Wood Table, with Bottom Storage",1809.255,5,0.3,-258.495,339.47,High
347,1,ID-2012-65411,2012-07-18,2012-07-19,First Class,CS-12175,Charles Sheldon,Corporate,Darwin,Northern Territory,Australia,,APAC,Oceania,TEC-AC-10000639,Technology,Accessories,"Belkin Router, Bluetooth",1863.0,8,0.1,393.24,339.06,High
348,3,CA-2011-144624,2011-11-19,2011-11-23,Standard Class,JM-15865,John Murray,Consumer,Jamestown,New York,United States,14701.0,US,East,TEC-PH-10002885,Technology,Phones,Apple iPhone 5,4548.81,7,0.0,1228.1787000000004,338.56,High
349,8,ES-2014-4032097,2014-04-09,2014-04-12,First Class,AF-10885,Art Foster,Consumer,Bayeux,Lower Normandy,France,,EU,Central,OFF-ST-10002900,Office Supplies,Storage,"Smead Lockers, Wire Frame",1244.1870000000001,7,0.1,-13.92300000000003,338.33,Critical
350,8,ES-2012-4108483,2012-06-18,2012-06-20,Second Class,SJ-20500,Shirley Jackson,Consumer,Lens,Nord-Pas-de-Calais,France,,EU,Central,FUR-TA-10003354,Furniture,Tables,"Barricks Conference Table, Adjustable Height",2364.102,4,0.35,-218.29799999999977,338.1,Medium
351,2,ES-2013-5810502,2013-12-31,2014-01-02,First Class,DM-12955,Dario Medina,Corporate,Lannion,Brittany,France,,EU,Central,TEC-CO-10003800,Technology,Copiers,"Hewlett Wireless Fax, Color",1946.3129999999999,6,0.15,114.45300000000009,337.93,High
352,4,CA-2014-138149,2014-06-30,2014-07-01,First Class,WB-21850,William Brown,Consumer,Los Angeles,California,United States,90049.0,US,West,OFF-BI-10003091,Office Supplies,Binders,GBC DocuBind TL200 Manual Binding Machine,895.92,5,0.2,302.37299999999993,337.16,High
353,11,IT-2012-3796476,2012-01-16,2012-01-18,First Class,CC-12610,Corey Catlett,Corporate,Iserlohn,North Rhine-Westphalia,Germany,,EU,Central,OFF-AP-10001527,Office Supplies,Appliances,"Hamilton Beach Microwave, Black",2283.714,9,0.1,-0.21600000000000819,337.07,High
354,1,CG-2012-8310,2012-06-12,2012-06-14,First Class,BW-1065,Barry Weirich,Consumer,Kalemie,Katanga,Democratic Republic of the Congo,,Africa,Africa,TEC-SAM-10004940,Technology,Phones,"Samsung Smart Phone, Full Size",2549.76,4,0.0,1172.8799999999999,336.65,Medium
355,4,IN-2014-39735,2014-03-17,2014-03-22,Second Class,BE-11455,Brad Eason,Home Office,Sydney,New South Wales,Australia,,APAC,Oceania,TEC-CO-10003777,Technology,Copiers,"Hewlett Copy Machine, Color",3299.5620000000004,14,0.1,366.28199999999987,336.02,Medium
356,5,ES-2012-4272278,2012-11-13,2012-11-17,Standard Class,TG-21640,Trudy Glocke,Consumer,Ghent,East Flanders,Belgium,,EU,Central,OFF-AP-10001169,Office Supplies,Appliances,"Cuisinart Microwave, White",2489.3999999999996,9,0.0,273.78000000000003,335.95,High
357,13,CA-2013-107104,2013-11-27,2013-12-01,Standard Class,MS-17365,Maribeth Schnelling,Consumer,Los Angeles,California,United States,90045.0,US,West,FUR-BO-10002213,Furniture,Bookcases,DMI Eclipse Executive Suite Bookcases,3406.664,8,0.15,160.31359999999984,335.64,Medium
358,9,CA-2012-156104,2012-12-06,2012-12-08,Second Class,NP-18685,Nora Pelletier,Home Office,Indianapolis,Indiana,United States,46203.0,US,Central,TEC-CO-10002095,Technology,Copiers,Hewlett Packard 610 Color Digital Copier / Printer,999.98,2,0.0,449.991,334.26,Critical
359,4,ES-2014-4856325,2014-05-16,2014-05-19,First Class,VM-21685,Valerie Mitchum,Home Office,Marseille,Provence-Alpes-Côte d'Azur,France,,EU,Central,FUR-BO-10000120,Furniture,Bookcases,"Sauder Stackable Bookrack, Mobile",1189.242,9,0.1,250.992,334.23,High
360,12,CA-2014-145219,2014-12-25,2014-12-26,First Class,RM-19675,Robert Marley,Home Office,Los Angeles,California,United States,90049.0,US,West,TEC-CO-10001449,Technology,Copiers,Hewlett Packard LaserJet 3310 Copier,2879.952,6,0.2,1007.9831999999999,334.15,Critical
361,10,MX-2014-120026,2014-12-22,2014-12-24,First Class,SC-20695,Steve Chapman,Corporate,Soyapango,San Salvador,El Salvador,,LATAM,Central,FUR-CH-10002033,Furniture,Chairs,"Harbour Creations Executive Leather Armchair, Adjustable",1269.6,4,0.0,355.44,333.148,High
362,13,ID-2013-12295,2013-09-14,2013-09-14,Same Day,SN-20560,Skye Norling,Home Office,Lahore,Punjab,Pakistan,,APAC,Central Asia,TEC-PH-10002991,Technology,Phones,"Apple Smart Phone, Full Size",3499.155,11,0.5,-3009.4350000000004,333.1,Medium
363,10,ID-2013-10636,2013-01-07,2013-01-13,Standard Class,CD-12280,Christina DeMoss,Consumer,Sydney,New South Wales,Australia,,APAC,Oceania,FUR-TA-10000989,Furniture,Tables,"Lesro Conference Table, Rectangular",2993.0249999999996,5,0.3,726.8249999999998,333.06,Medium
364,13,ES-2014-5554891,2014-06-27,2014-06-27,Same Day,CC-12100,Chad Cunningham,Home Office,Grenoble,Rhône-Alpes,France,,EU,Central,TEC-CO-10004567,Technology,Copiers,"Brother Fax Machine, Color",815.9490000000001,3,0.15,287.919,333.02,Critical
365,7,ES-2012-5464624,2012-07-13,2012-07-16,Second Class,BG-11035,Barry Gonzalez,Consumer,Espoo,Uusimaa,Finland,,EU,North,TEC-MA-10004609,Technology,Machines,"Okidata Inkjet, White",1245.0000000000002,4,0.0,161.76,332.96,Critical
366,12,IN-2014-59426,2014-02-11,2014-02-11,Same Day,CC-12550,Clay Cheatham,Consumer,Whyalla,South Australia,Australia,,APAC,Oceania,TEC-CO-10003448,Technology,Copiers,"Canon Personal Copier, Laser",1027.728,8,0.1,182.688,332.2,Critical
367,7,IN-2014-59202,2014-05-29,2014-06-05,Standard Class,AB-10105,Adrian Barton,Consumer,Adelaide,South Australia,Australia,,APAC,Oceania,TEC-CO-10003496,Technology,Copiers,"Brother Wireless Fax, Digital",1703.0250000000003,5,0.1,737.9250000000001,332.14,Low
368,8,IN-2014-44257,2014-04-16,2014-04-18,Second Class,SV-20785,Stewart Visinsky,Consumer,Medan,Sumatera Utara,Indonesia,,APAC,Southeast Asia,OFF-ST-10003150,Office Supplies,Storage,"Smead Lockers, Wire Frame",1803.0837,11,0.17,-130.38630000000003,332.13,High
369,9,ES-2014-3860822,2014-11-27,2014-11-29,First Class,HW-14935,Helen Wasserman,Corporate,Ivry-sur-Seine,Ile-de-France,France,,EU,Central,FUR-BO-10004947,Furniture,Bookcases,"Safco Stackable Bookrack, Pine",676.485,5,0.1,195.28500000000005,330.51,Critical
370,12,IN-2011-23530,2011-11-09,2011-11-11,First Class,AS-10285,Alejandro Savely,Corporate,Kanpur,Uttar Pradesh,India,,APAC,Central Asia,FUR-CH-10004694,Furniture,Chairs,"Office Star Rocking Chair, Black",969.3600000000001,7,0.0,348.81,330.01,Critical
371,11,ES-2014-5991471,2014-09-18,2014-09-18,Same Day,LD-16855,Lela Donovan,Corporate,Saint-Laurent-du-Var,Provence-Alpes-Côte d'Azur,France,,EU,Central,FUR-BO-10000490,Furniture,Bookcases,"Bush Library with Doors, Metal",1637.0100000000002,5,0.1,90.80999999999995,329.73,High
372,1,MX-2014-127656,2014-02-24,2014-02-27,First Class,NS-18505,Neola Schneider,Consumer,Cartagena,Bolívar,Colombia,,LATAM,South,TEC-CO-10001818,Technology,Copiers,"Sharp Wireless Fax, Digital",1655.9614399999998,7,0.002,13.201440000000002,329.577,High
373,11,MX-2013-154886,2013-09-03,2013-09-05,First Class,CM-12715,Craig Molinari,Corporate,Cancún,Quintana Roo,Mexico,,LATAM,North,FUR-CH-10004669,Furniture,Chairs,"Novimex Executive Leather Armchair, Black",976.9599999999998,4,0.2,232.0,328.659,Critical
374,9,IN-2013-36963,2013-12-23,2013-12-25,First Class,VG-21805,Vivek Grady,Corporate,Harbin,Heilongjiang,China,,APAC,North Asia,FUR-BO-10001196,Furniture,Bookcases,"Bush Library with Doors, Pine",731.34,2,0.0,175.5,328.35,Critical
375,5,GH-2014-6410,2014-06-17,2014-06-19,First Class,JD-6060,Julia Dunbar,Consumer,Kumasi,Ashanti,Ghana,,Africa,Africa,OFF-KIT-10001380,Office Supplies,Appliances,"KitchenAid Microwave, Black",1239.0,4,0.0,0.0,327.94,Critical
376,12,ID-2014-41597,2014-03-15,2014-03-17,Second Class,MG-17680,Maureen Gastineau,Home Office,Ho Chi Minh City,Ho Chí Minh City,Vietnam,,APAC,Southeast Asia,FUR-CH-10003616,Furniture,Chairs,"Novimex Executive Leather Armchair, Adjustable",1680.6059999999998,5,0.27,368.256,327.81,High
377,2,IN-2014-47449,2014-07-12,2014-07-13,First Class,CD-12280,Christina DeMoss,Consumer,Delhi,Delhi,India,,APAC,Central Asia,FUR-BO-10000288,Furniture,Bookcases,"Safco Classic Bookcase, Traditional",2190.75,5,0.0,65.7,327.55,Medium
378,13,ES-2014-4622860,2014-06-09,2014-06-12,First Class,DB-13210,Dean Braden,Consumer,London,England,United Kingdom,,EU,North,TEC-MA-10000753,Technology,Machines,"Epson Printer, Red",935.1719999999999,4,0.1,114.252,327.11,Critical
379,5,ES-2014-2538638,2014-10-15,2014-10-17,Second Class,CS-11860,Cari Schnelling,Consumer,Vienna,Vienna,Austria,,EU,Central,OFF-ST-10000624,Office Supplies,Storage,"Eldon File Cart, Single Width",1026.96,8,0.0,441.36,326.35,Critical
380,4,IN-2014-32084,2014-08-06,2014-08-09,Second Class,AF-10885,Art Foster,Consumer,Salem,Tamil Nadu,India,,APAC,Central Asia,TEC-PH-10001457,Technology,Phones,"Apple Smart Phone, Full Size",2550.0,4,0.0,280.44,326.32,High
381,11,ES-2012-3954494,2012-12-07,2012-12-07,Same Day,GG-14650,Greg Guthrie,Corporate,Angers,Pays de la Loire,France,,EU,Central,TEC-CO-10000556,Technology,Copiers,"HP Wireless Fax, Laser",1224.7140000000002,4,0.15,-129.726,326.27,High
382,12,ID-2012-79551,2012-12-25,2012-12-28,Second Class,BN-11470,Brad Norvell,Corporate,Bangkok,Bangkok,Thailand,,APAC,Southeast Asia,TEC-PH-10002601,Technology,Phones,"Motorola Smart Phone, Cordless",2667.537,5,0.17,-417.81299999999993,326.27,Medium
383,1,ES-2013-2757712,2013-05-16,2013-05-20,Second Class,EM-14065,Erin Mull,Consumer,Bremen,Bremen,Germany,,EU,Central,TEC-PH-10002759,Technology,Phones,"Cisco Smart Phone, Cordless",2605.92,4,0.0,1042.32,326.05,High
384,4,IR-2013-1770,2013-06-17,2013-06-18,First Class,BS-1665,Brian Stugart,Consumer,Khorramabad,Lorestan,Iran,,EMEA,EMEA,OFF-ROG-10001735,Office Supplies,Storage,"Rogers Lockers, Blue",2962.6800000000003,14,0.0,207.06,325.93,Medium
385,6,IN-2014-13597,2014-11-03,2014-11-07,Standard Class,AC-10450,Amy Cox,Consumer,Chennai,Tamil Nadu,India,,APAC,Central Asia,FUR-TA-10002256,Furniture,Tables,"Hon Wood Table, Fully Assembled",2664.0,5,0.0,905.7,325.54,Medium
386,10,ES-2012-5967582,2012-05-28,2012-05-31,First Class,CK-12205,Chloris Kastensmidt,Consumer,Barletta,Apulia,Italy,,EU,South,TEC-CO-10001413,Technology,Copiers,"Hewlett Wireless Fax, High-Speed",1513.56,4,0.0,741.5999999999999,325.45,Critical
387,3,ES-2013-1215823,2013-08-17,2013-08-20,Second Class,JD-16150,Justin Deggeller,Corporate,Tamworth,England,United Kingdom,,EU,North,FUR-BO-10003103,Furniture,Bookcases,"Ikea Classic Bookcase, Metal",1233.6299999999999,3,0.0,234.36,325.32,Critical
388,5,UP-2011-5440,2011-06-03,2011-06-05,First Class,CC-2550,Clay Cheatham,Consumer,Kharkiv,Kharkiv,Ukraine,,EMEA,EMEA,FUR-LES-10002026,Furniture,Tables,"Lesro Conference Table, Rectangular",855.1499999999999,1,0.0,384.81000000000006,325.04,Critical
389,11,IT-2011-1646767,2011-07-14,2011-07-15,First Class,MS-17830,Melanie Seite,Consumer,London,England,United Kingdom,,EU,North,TEC-MA-10001777,Technology,Machines,"Okidata Printer, Red",956.3400000000001,4,0.1,-95.70000000000002,324.98,Critical
390,1,CA-2011-122931,2011-09-29,2011-10-03,Standard Class,SM-20950,Suzanne McNair,Corporate,Philadelphia,Pennsylvania,United States,19134.0,US,East,OFF-ST-10004459,Office Supplies,Storage,Tennsco Single-Tier Lockers,1801.632,6,0.2,-337.80600000000004,324.93,High
391,7,ES-2011-3805636,2011-10-17,2011-10-24,Standard Class,GT-14710,Greg Tran,Consumer,Barcelona,Catalonia,Spain,,EU,South,FUR-CH-10004462,Furniture,Chairs,"Hon Executive Leather Armchair, Adjustable",1838.5199999999998,5,0.2,160.77000000000004,324.09,Low
392,13,IN-2011-40155,2011-11-14,2011-11-20,Standard Class,CL-12700,Craig Leslie,Home Office,Kulti,West Bengal,India,,APAC,Central Asia,TEC-PH-10000499,Technology,Phones,"Motorola Smart Phone, Full Size",4498.83,7,0.0,674.7300000000001,323.75,Medium
393,12,ES-2014-5084020,2014-07-14,2014-07-18,Second Class,MM-17920,Michael Moore,Consumer,Le Mans,Pays de la Loire,France,,EU,Central,TEC-PH-10002759,Technology,Phones,"Cisco Smart Phone, Cordless",1824.144,8,0.65,-1303.0560000000005,321.54,High
394,2,MX-2014-108532,2014-06-03,2014-06-05,First Class,CM-12160,Charles McCrossin,Consumer,Managua,Managua,Nicaragua,,LATAM,Central,FUR-BO-10002580,Furniture,Bookcases,"Safco Classic Bookcase, Pine",2344.0,8,0.0,46.88,321.421,High
395,2,IN-2014-74847,2014-12-15,2014-12-17,Second Class,DB-13060,Dave Brooks,Consumer,Mianyang,Sichuan,China,,APAC,North Asia,TEC-PH-10004618,Technology,Phones,"Motorola Signal Booster, Cordless",2043.7200000000003,14,0.0,756.0,321.36,High
396,1,MZ-2014-140,2014-06-28,2014-06-28,Same Day,JW-5220,Jane Waco,Corporate,Maputo,Cidade De Maputo,Mozambique,,Africa,Africa,OFF-ROG-10001101,Office Supplies,Storage,"Rogers Shelving, Wire Frame",856.8,14,0.0,265.44,321.23,Critical
397,5,US-2014-154487,2014-12-20,2014-12-24,Standard Class,BN-11470,Brad Norvell,Corporate,Cadereyta,Nuevo León,Mexico,,LATAM,North,OFF-AP-10002252,Office Supplies,Appliances,"Cuisinart Stove, Black",2509.3600000000006,7,0.0,426.58000000000004,320.956,High
398,3,IN-2012-72964,2012-02-06,2012-02-09,First Class,JC-15775,John Castell,Consumer,Bundaberg,Queensland,Australia,,APAC,Oceania,FUR-CH-10000660,Furniture,Chairs,"Novimex Executive Leather Armchair, Adjustable",819.9359999999999,2,0.1,191.31600000000003,320.92,Critical
399,5,MX-2011-146584,2011-01-21,2011-01-27,Standard Class,HL-15040,Hunter Lopez,Consumer,Managua,Managua,Nicaragua,,LATAM,Central,FUR-TA-10001285,Furniture,Tables,"Chromcraft Conference Table, Fully Assembled",2797.2480000000005,6,0.2,-0.07200000000002546,320.37600000000003,Low
400,2,MX-2012-144848,2012-08-03,2012-08-05,First Class,LH-16900,Lena Hernandez,Consumer,Valparaíso de Goiás,Goiás,Brazil,,LATAM,South,OFF-ST-10003741,Office Supplies,Storage,"Smead Lockers, Blue",1455.08,11,0.0,261.8,320.29,Medium
401,2,ID-2014-27163,2014-10-27,2014-10-31,Second Class,DV-13045,Darrin Van Huff,Corporate,Manado,Sulawesi Utara,Indonesia,,APAC,Southeast Asia,FUR-BO-10003046,Furniture,Bookcases,"Safco Library with Doors, Mobile",2189.0897999999997,6,0.07,541.3697999999999,320.28,High
402,13,IN-2012-26274,2012-02-27,2012-03-04,Standard Class,BT-11530,Bradley Talbott,Home Office,Muzaffarpur,Bihar,India,,APAC,Central Asia,FUR-TA-10001116,Furniture,Tables,"Barricks Conference Table, Fully Assembled",5451.299999999999,6,0.0,327.06000000000006,320.27,Medium
403,1,IR-2012-660,2012-06-11,2012-06-12,First Class,BM-1650,Brian Moss,Corporate,Kermanshah,Kermanshah,Iran,,EMEA,EMEA,TEC-MOT-10002272,Technology,Phones,"Motorola Smart Phone, with Caller ID",1291.08,2,0.0,296.94,319.58,Critical
404,11,IN-2011-44901,2011-02-23,2011-02-26,First Class,MG-18205,Mitch Gastineau,Corporate,Thane,Maharashtra,India,,APAC,Central Asia,TEC-CO-10004997,Technology,Copiers,"Hewlett Wireless Fax, Color",1526.52,4,0.0,732.72,319.53,High
405,13,CA-2014-152975,2014-09-15,2014-09-17,First Class,RB-19705,Roger Barcio,Home Office,New York City,New York,United States,10035.0,US,East,TEC-PH-10004586,Technology,Phones,Wilson SignalBoost 841262 DB PRO Amplifier Kit,1079.85,3,0.0,323.9549999999999,319.04,High
406,9,MX-2013-123463,2013-07-20,2013-07-27,Standard Class,FC-14245,Frank Carlisle,Home Office,Piedecuesta,Santander,Colombia,,LATAM,South,FUR-CH-10002780,Furniture,Chairs,"Office Star Executive Leather Armchair, Black",1869.7199999999998,6,0.0,205.56000000000003,318.169,Low
407,7,MX-2013-165064,2013-03-29,2013-04-01,Second Class,TT-21220,Thomas Thornton,Consumer,Mixco,Guatemala,Guatemala,,LATAM,Central,FUR-BO-10004558,Furniture,Bookcases,"Sauder Library with Doors, Pine",1815.2399999999998,7,0.0,471.94000000000005,318.08000000000004,High
408,9,IN-2014-48261,2014-10-23,2014-10-25,First Class,CY-12745,Craig Yedwab,Corporate,Bangalore,Karnataka,India,,APAC,Central Asia,TEC-CO-10002376,Technology,Copiers,"Hewlett Fax Machine, Laser",959.76,3,0.0,460.62,317.81,Critical
409,5,MX-2014-126711,2014-06-24,2014-06-26,Second Class,SJ-20215,Sarah Jordon,Consumer,Mexico City,Distrito Federal,Mexico,,LATAM,North,TEC-PH-10003457,Technology,Phones,"Cisco Smart Phone, Full Size",3045.8399999999997,7,0.0,1035.5800000000002,317.165,High
410,5,MX-2013-141474,2013-10-30,2013-11-05,Standard Class,PB-18805,Patrick Bzostek,Home Office,Managua,Managua,Nicaragua,,LATAM,Central,TEC-PH-10000106,Technology,Phones,"Apple Smart Phone, Full Size",2125.0,5,0.0,297.5,316.764,Low
411,12,CM-2012-6440,2012-12-13,2012-12-15,First Class,BP-1230,Benjamin Patterson,Consumer,Yaounde,Centre,Cameroon,,Africa,Africa,TEC-MEM-10002005,Technology,Accessories,"Memorex Router, Erganomic",976.08,4,0.0,292.79999999999995,316.66,Critical
412,2,IN-2013-20177,2013-05-04,2013-05-06,First Class,RW-19690,Robert Waldorf,Consumer,Xiamen,Fujian,China,,APAC,North Asia,TEC-CO-10003342,Technology,Copiers,"Canon Fax Machine, High-Speed",1266.3600000000001,4,0.0,265.92,316.59,High
413,5,CA-2014-141733,2014-05-08,2014-05-12,Standard Class,RW-19540,Rick Wilson,Corporate,Detroit,Michigan,United States,48234.0,US,Central,FUR-CH-10004086,Furniture,Chairs,Hon 4070 Series Pagoda Armless Upholstered Stacking Chairs,1458.65,5,0.0,423.00849999999997,315.73,High
414,8,ZA-2011-8980,2011-09-08,2011-09-10,Second Class,DB-3360,Dennis Bolton,Home Office,Kitwe,Copperbelt,Zambia,,Africa,Africa,FUR-BEV-10004919,Furniture,Tables,"Bevis Wood Table, with Bottom Storage",2134.4399999999996,4,0.0,682.92,315.57,Critical
415,4,ES-2012-2183106,2012-04-22,2012-04-26,Standard Class,DK-13150,David Kendrick,Corporate,Berlin,Berlin,Germany,,EU,Central,TEC-CO-10003342,Technology,Copiers,"Canon Wireless Fax, High-Speed",4748.436000000001,14,0.1,844.1159999999998,315.29,Medium
416,1,SF-2013-9730,2013-10-30,2013-11-04,Second Class,RW-9540,Rick Wilson,Corporate,Cape Town,Western Cape,South Africa,,Africa,Africa,TEC-OKI-10001385,Technology,Machines,"Okidata Inkjet, White",1867.5000000000005,6,0.0,242.64,314.81,High
417,5,IN-2011-74490,2011-04-16,2011-04-17,First Class,PS-19045,Penelope Sewall,Home Office,Jieyang,Guangdong,China,,APAC,North Asia,FUR-CH-10003009,Furniture,Chairs,"Novimex Swivel Stool, Adjustable",1001.7,6,0.0,250.38000000000002,314.7,High
418,4,CA-2012-102281,2012-10-12,2012-10-14,First Class,MP-17470,Mark Packer,Home Office,New York City,New York,United States,10035.0,US,East,FUR-BO-10002613,Furniture,Bookcases,"Atlantic Metals Mobile 4-Shelf Bookcases, Custom Colors",899.1360000000001,4,0.2,112.39199999999991,314.38,Critical
419,13,CA-2014-120138,2014-05-26,2014-05-26,Same Day,TB-21625,Trudy Brown,Consumer,New York City,New York,United States,10009.0,US,East,OFF-BI-10004519,Office Supplies,Binders,GBC DocuBind P100 Manual Binding Machine,663.92,5,0.2,207.47499999999994,314.27,Critical
420,13,IN-2014-10979,2014-10-31,2014-11-04,Standard Class,MO-17800,Meg O'Connel,Home Office,Hamamatsu,Shizuoka,Japan,,APAC,North Asia,OFF-AP-10001931,Office Supplies,Appliances,"Cuisinart Stove, Red",4306.32,8,0.0,1722.48,314.15,Medium
421,1,IN-2013-72740,2013-04-12,2013-04-14,First Class,NF-18475,Neil Französisch,Home Office,Ningbo,Zhejiang,China,,APAC,North Asia,OFF-AP-10001305,Office Supplies,Appliances,"Breville Microwave, White",899.55,3,0.0,323.82,313.71,Critical
422,8,IN-2013-15277,2013-11-11,2013-11-11,Same Day,MR-17545,Mathew Reese,Home Office,Jodhpur,Rajasthan,India,,APAC,Central Asia,TEC-CO-10002150,Technology,Copiers,"Canon Fax and Copier, Digital",763.92,4,0.0,381.96,313.66,Critical
423,2,IT-2012-2619984,2012-10-13,2012-10-17,Standard Class,CB-12415,Christy Brittain,Consumer,Weimar,Thuringia,Germany,,EU,Central,TEC-PH-10004823,Technology,Phones,"Nokia Smart Phone, Full Size",2544.2400000000002,4,0.0,1093.92,313.58,High
424,6,ID-2012-81056,2012-10-13,2012-10-16,Second Class,LC-17050,Liz Carlisle,Consumer,Auckland,Auckland,New Zealand,,APAC,Oceania,FUR-CH-10000051,Furniture,Chairs,"Harbour Creations Executive Leather Armchair, Black",1136.6639999999998,4,0.4,-189.4559999999999,313.52,Critical
425,13,IN-2014-27303,2014-01-30,2014-02-03,Standard Class,RA-19885,Ruben Ausman,Corporate,Beijing,Beijing,China,,APAC,North Asia,FUR-CH-10000602,Furniture,Chairs,"Novimex Executive Leather Armchair, Red",2300.9999999999995,5,0.0,91.95,313.45,High
426,12,CG-2012-6760,2012-10-12,2012-10-16,Second Class,MG-8145,Mike Gockenbach,Consumer,Lubumbashi,Katanga,Democratic Republic of the Congo,,Africa,Africa,TEC-CIS-10002259,Technology,Phones,"Cisco Smart Phone, Cordless",3908.88,6,0.0,1563.48,313.31,Medium
427,4,CA-2013-114489,2013-12-06,2013-12-10,Standard Class,JE-16165,Justin Ellison,Corporate,Franklin,Wisconsin,United States,53132.0,US,Central,FUR-CH-10000454,Furniture,Chairs,"Hon Deluxe Fabric Upholstered Stacking Chairs, Rounded Back",1951.84,8,0.0,585.5519999999999,312.22,High
428,1,CA-2014-160885,2014-12-03,2014-12-07,Standard Class,JK-16090,Juliana Krohn,Consumer,Omaha,Nebraska,United States,68104.0,US,Central,TEC-PH-10001795,Technology,Phones,ClearOne CHATAttach 160 - speaker phone,2479.96,4,0.0,743.9879999999998,312.14,High
429,2,ID-2013-69345,2013-09-19,2013-09-23,Standard Class,EM-13960,Eric Murdock,Consumer,Nagpur,Maharashtra,India,,APAC,Central Asia,OFF-AP-10001824,Office Supplies,Appliances,"Breville Stove, Silver",2249.16,4,0.0,224.88,311.14,High
430,10,MX-2012-122756,2012-12-31,2013-01-05,Standard Class,DJ-13420,Denny Joy,Corporate,Villahermosa,Tabasco,Mexico,,LATAM,North,OFF-AP-10002681,Office Supplies,Appliances,"Hamilton Beach Stove, Black",2528.26,7,0.0,176.96000000000004,310.748,High
431,7,ES-2014-4107155,2014-12-29,2014-12-31,Second Class,CD-11920,Carlos Daly,Consumer,Oyonnax,Rhône-Alpes,France,,EU,Central,FUR-TA-10003268,Furniture,Tables,"Lesro Round Table, Rectangular",1461.1350000000002,5,0.35,202.18499999999995,310.17,High
432,8,MX-2013-147844,2013-11-15,2013-11-19,Standard Class,BO-11425,Bobby Odegard,Consumer,Metepec,México,Mexico,,LATAM,North,TEC-PH-10003457,Technology,Phones,"Cisco Smart Phone, Full Size",3045.8399999999997,7,0.0,1035.5800000000002,309.748,High
433,7,CA-2011-116246,2011-09-12,2011-09-17,Second Class,LW-17215,Luke Weiss,Consumer,New York City,New York,United States,10035.0,US,East,FUR-CH-10002024,Furniture,Chairs,HON 5400 Series Task Chairs for Big and Tall,3785.2920000000004,6,0.1,420.5880000000002,309.69,Medium
434,8,CA-2014-143686,2014-05-15,2014-05-15,Same Day,PJ-19015,Pauline Johnson,Consumer,Santa Ana,California,United States,92704.0,US,West,TEC-AC-10001838,Technology,Accessories,Razer Tiamat Over Ear 7.1 Surround Sound PC Gaming Headset,1399.93,7,0.0,601.9699,309.52,High
435,10,ID-2014-27765,2014-09-08,2014-09-11,First Class,KM-16720,Kunst Miller,Consumer,Manila,National Capital,Philippines,,APAC,Southeast Asia,FUR-BO-10002204,Furniture,Bookcases,"Bush Classic Bookcase, Pine",2152.956,8,0.35,198.6360000000002,309.11,Medium
436,6,ES-2013-5135305,2013-06-17,2013-06-19,First Class,SV-20785,Stewart Visinsky,Consumer,Antony,Ile-de-France,France,,EU,Central,TEC-AC-10004571,Technology,Accessories,"Logitech Router, Programmable",1244.1,5,0.0,447.75000000000006,309.0,High
437,12,MX-2011-131478,2011-12-08,2011-12-08,Same Day,BG-11695,Brooke Gillingham,Corporate,Culiacán,Sinaloa,Mexico,,LATAM,North,FUR-CH-10004095,Furniture,Chairs,"SAFCO Executive Leather Armchair, Adjustable",2226.8160000000003,9,0.2,500.976,308.658,High
438,4,IN-2014-57837,2014-09-19,2014-09-21,Second Class,CS-12130,Chad Sievert,Consumer,Melbourne,Victoria,Australia,,APAC,Oceania,FUR-BO-10001212,Furniture,Bookcases,"Safco Classic Bookcase, Mobile",1586.4119999999998,4,0.1,17.531999999999982,307.98,High
439,4,CA-2013-133711,2013-11-27,2013-11-30,First Class,MC-17425,Mark Cousins,Corporate,Mobile,Alabama,United States,36608.0,US,South,TEC-MA-10000010,Technology,Machines,Hewlett-Packard Deskjet 3050a All-in-One Color Inkjet Printer,3040.0,8,0.0,1459.2,307.85,Medium
440,3,IZ-2014-7800,2014-02-10,2014-02-14,Standard Class,BD-1635,Brian Derr,Consumer,Al Amarah,Maysan,Iraq,,EMEA,EMEA,OFF-KIT-10003683,Office Supplies,Appliances,"KitchenAid Stove, Silver",3425.4000000000005,6,0.0,1233.0,307.83,High
441,10,ES-2014-1107818,2014-02-08,2014-02-11,First Class,RF-19345,Randy Ferguson,Corporate,Barcelona,Catalonia,Spain,,EU,South,OFF-AP-10004512,Office Supplies,Appliances,"Hoover Stove, Red",1136.94,2,0.0,568.4399999999999,307.43,High
442,2,ID-2013-60896,2013-08-05,2013-08-07,First Class,JE-16165,Justin Ellison,Corporate,Jakarta,Jakarta,Indonesia,,APAC,Southeast Asia,FUR-BO-10000980,Furniture,Bookcases,"Bush Library with Doors, Traditional",677.6351999999999,2,0.07,211.2552,307.25,Critical
443,7,IR-2014-890,2014-04-15,2014-04-18,First Class,MG-7680,Maureen Gastineau,Home Office,Mashhad,Razavi Khorasan,Iran,,EMEA,EMEA,FUR-BUS-10004644,Furniture,Bookcases,"Bush Library with Doors, Pine",731.34,2,0.0,80.4,305.98,Critical
444,4,CA-2011-163223,2011-03-21,2011-03-25,Standard Class,KH-16690,Kristen Hastings,Corporate,Springfield,Virginia,United States,22153.0,US,South,TEC-PH-10000730,Technology,Phones,Samsung Galaxy S4 Active,3499.9300000000003,7,0.0,909.9818000000002,305.29,Medium
445,5,IN-2014-16887,2014-05-05,2014-05-07,Second Class,CC-12475,Cindy Chapman,Consumer,Bhavnagar,Gujarat,India,,APAC,Central Asia,TEC-CO-10002040,Technology,Copiers,"Brother Fax Machine, Digital",1272.72,4,0.0,534.48,305.27,High
446,7,ES-2013-1525878,2013-11-04,2013-11-06,Second Class,LT-16765,Larry Tron,Consumer,Rome,Lazio,Italy,,EU,South,OFF-AP-10002321,Office Supplies,Appliances,"Hoover Microwave, Silver",1856.34,6,0.0,909.54,305.25,Critical
447,1,ES-2014-3691479,2014-06-10,2014-06-12,First Class,FH-14365,Fred Hopkins,Corporate,Palma de Mallorca,Balearic Islands,Spain,,EU,South,TEC-PH-10000493,Technology,Phones,"Apple Smart Phone, Full Size",2295.0,4,0.1,459.0,305.2,Medium
448,12,ES-2012-3533091,2012-08-31,2012-09-02,Second Class,BF-10975,Barbara Fisher,Corporate,Saint-Priest,Rhône-Alpes,France,,EU,Central,TEC-PH-10001396,Technology,Phones,"Nokia Smart Phone, Cordless",1622.1825000000003,3,0.15,324.38249999999994,305.16,Critical
449,4,IN-2013-72390,2013-06-20,2013-06-22,Second Class,CJ-12010,Caroline Jumper,Consumer,Anshan,Liaoning,China,,APAC,North Asia,TEC-PH-10000896,Technology,Phones,"Cisco Signal Booster, VoIP",1063.44,7,0.0,361.41,304.95,Critical
450,8,HU-2014-960,2014-08-23,2014-08-28,Standard Class,SH-9975,Sally Hughsby,Corporate,Gyor,Gyor,Hungary,,EMEA,EMEA,TEC-MEM-10002202,Technology,Accessories,"Memorex Router, USB",3449.88,14,0.0,275.94,304.75,Medium
451,5,US-2012-110436,2012-05-28,2012-05-29,First Class,SL-20155,Sara Luxemburg,Home Office,Coyoacán,Distrito Federal,Mexico,,LATAM,North,FUR-BO-10001356,Furniture,Bookcases,"Ikea Library with Doors, Mobile",585.456,3,0.2,-0.02400000000000091,304.53000000000003,Critical
452,7,LI-2014-5380,2014-05-19,2014-05-21,Second Class,NC-8340,Nat Carroll,Consumer,Monrovia,Montserrado,Liberia,,Africa,Africa,TEC-SHA-10001231,Technology,Copiers,"Sharp Wireless Fax, Color",1429.4399999999998,4,0.0,471.59999999999997,304.5,Critical
453,5,SF-2013-8920,2013-04-29,2013-04-30,First Class,JB-5400,Jennifer Braxton,Corporate,Johannesburg,Gauteng,South Africa,,Africa,Africa,FUR-HON-10001960,Furniture,Tables,"Hon Wood Table, Rectangular",1057.8,2,0.0,158.64000000000001,304.36,Critical
454,6,IN-2013-36963,2013-12-23,2013-12-25,First Class,VG-21805,Vivek Grady,Corporate,Harbin,Heilongjiang,China,,APAC,North Asia,FUR-BO-10000980,Furniture,Bookcases,"Bush Library with Doors, Traditional",1092.96,3,0.0,393.39,304.16,Critical
455,2,MX-2014-117051,2014-10-12,2014-10-15,First Class,TB-21250,Tim Brockman,Consumer,Santiago de Cuba,Santiago de Cuba,Cuba,,LATAM,Caribbean,FUR-TA-10002966,Furniture,Tables,"Chromcraft Computer Table, Fully Assembled",1483.0,5,0.0,741.5,303.649,High
456,3,MX-2014-133830,2014-04-15,2014-04-17,First Class,PS-18970,Paul Stevenson,Home Office,Bogotá,Bogota,Colombia,,LATAM,South,OFF-AP-10002252,Office Supplies,Appliances,"Cuisinart Stove, Black",1792.4000000000003,5,0.0,304.7,303.631,Critical
457,10,ES-2014-3540255,2014-11-28,2014-12-03,Standard Class,BB-11545,Brenda Bowman,Corporate,Erlangen,Bavaria,Germany,,EU,Central,FUR-BO-10001943,Furniture,Bookcases,"Safco Library with Doors, Traditional",2455.677,7,0.1,-191.16300000000007,303.59,High
458,7,GG-2012-8530,2012-05-11,2012-05-13,Second Class,SG-10470,Sheri Gordon,Consumer,Tbilisi,Tbilisi,Georgia,,EMEA,EMEA,TEC-BRO-10004802,Technology,Copiers,"Brother Fax Machine, High-Speed",1900.44,6,0.0,417.96,303.45,High
459,4,IN-2013-60546,2013-06-18,2013-06-24,Standard Class,SP-20920,Susan Pistek,Consumer,Bangkok,Bangkok,Thailand,,APAC,Southeast Asia,TEC-PH-10001751,Technology,Phones,"Samsung Smart Phone, Cordless",3712.590000000001,7,0.17,849.87,302.99,Medium
460,12,IN-2012-44278,2012-05-04,2012-05-06,Second Class,NZ-18565,Nick Zandusky,Home Office,Jaipur,Rajasthan,India,,APAC,Central Asia,TEC-CO-10003102,Technology,Copiers,"Canon Copy Machine, Color",2372.22,9,0.0,0.0,302.82,High
461,12,IN-2011-35178,2011-11-11,2011-11-15,Standard Class,Dp-13240,Dean percer,Home Office,Suzhou,Gansu,China,,APAC,North Asia,TEC-PH-10003713,Technology,Phones,"Nokia Smart Phone, Cordless",5725.35,9,0.0,1602.9899999999998,302.61,Medium
462,9,ES-2014-2421154,2014-12-24,2014-12-24,Same Day,GZ-14470,Gary Zandusky,Consumer,Reggio nell'Emilia,Emilia-Romagna,Italy,,EU,South,FUR-BO-10000967,Furniture,Bookcases,"Ikea Library with Doors, Pine",2553.1800000000003,7,0.0,842.5199999999999,302.55,Medium
463,8,MX-2014-123512,2014-05-15,2014-05-19,Standard Class,AH-10075,Adam Hart,Corporate,Azcapotzalco,Distrito Federal,Mexico,,LATAM,North,OFF-AP-10002317,Office Supplies,Appliances,"Hamilton Beach Refrigerator, Silver",2003.5199999999998,6,0.0,861.4800000000001,302.477,High
464,5,PL-2014-9210,2014-12-09,2014-12-12,First Class,CB-2025,Cassandra Brandow,Consumer,Lublin,Lublin,Poland,,EMEA,EMEA,TEC-SHA-10000971,Technology,Copiers,"Sharp Fax Machine, Color",1188.36,4,0.0,95.03999999999999,302.14,High
465,7,IN-2011-43375,2011-12-07,2011-12-11,Standard Class,SC-20050,Sample Company A,Home Office,Gold Coast,Queensland,Australia,,APAC,Oceania,TEC-PH-10004664,Technology,Phones,"Nokia Smart Phone, with Caller ID",2875.0950000000007,5,0.1,511.0949999999999,302.01,High
466,12,IT-2013-4559122,2013-09-10,2013-09-15,Second Class,AM-10705,Anne McFarland,Consumer,Zurich,Zürich,Switzerland,,EU,Central,FUR-CH-10000546,Furniture,Chairs,"Harbour Creations Executive Leather Armchair, Adjustable",2380.5,5,0.0,952.2,301.73,Medium
467,4,AL-2011-7440,2011-03-03,2011-03-05,Second Class,SC-10230,Scot Coram,Corporate,Elbasan,Elbasan,Albania,,EMEA,EMEA,TEC-STA-10002497,Technology,Machines,"StarTech Card Printer, White",1619.1000000000004,10,0.0,258.9,301.73,High
468,6,ID-2012-39903,2012-01-02,2012-01-06,Standard Class,JS-15595,Jill Stevenson,Corporate,Medan,Sumatera Utara,Indonesia,,APAC,Southeast Asia,OFF-AP-10004964,Office Supplies,Appliances,"Hoover Stove, White",2821.7178,6,0.17,339.8778,301.26,High
469,11,ID-2012-48639,2012-10-30,2012-11-03,Standard Class,BS-11380,Bill Stewart,Corporate,Bandung,Jawa Barat,Indonesia,,APAC,Southeast Asia,TEC-CO-10001895,Technology,Copiers,"Sharp Wireless Fax, Color",2991.1031999999996,9,0.07,-128.7468,300.6,Medium
470,2,IN-2013-42864,2013-11-19,2013-11-19,Same Day,TC-21295,Toby Carlisle,Consumer,Bangkok,Bangkok,Thailand,,APAC,Southeast Asia,OFF-AP-10002573,Office Supplies,Appliances,"Hamilton Beach Stove, Black",1798.6763999999998,4,0.17,86.63639999999998,300.5,High
471,13,RS-2013-7430,2013-08-15,2013-08-17,Second Class,JL-5130,Jack Lebron,Consumer,Voronezh,Voronezh,Russia,,EMEA,EMEA,TEC-APP-10000308,Technology,Phones,"Apple Smart Phone, Full Size",2544.84,4,0.0,712.4399999999999,299.4,Medium
472,11,IN-2013-41975,2013-06-08,2013-06-08,Same Day,Dp-13240,Dean percer,Home Office,Shimonoseki,Yamaguchi,Japan,,APAC,North Asia,FUR-CH-10002061,Furniture,Chairs,"Harbour Creations Executive Leather Armchair, Red",951.7199999999998,2,0.0,228.36,299.12,High
473,5,IN-2014-78725,2014-10-02,2014-10-06,Standard Class,NF-18385,Natalie Fritzler,Consumer,Dhaka,Dhaka,Bangladesh,,APAC,Central Asia,TEC-PH-10001670,Technology,Phones,"Motorola Smart Phone, Full Size",2575.92,4,0.0,978.8399999999999,298.83,High
474,12,ES-2014-4089082,2014-02-27,2014-03-03,Standard Class,AS-10090,Adam Shillingsburg,Consumer,Huddersfield,England,United Kingdom,,EU,North,OFF-AP-10001623,Office Supplies,Appliances,"Hoover Stove, White",1699.83,3,0.0,84.96000000000001,298.77,High
475,4,IN-2013-11938,2013-10-31,2013-11-04,Standard Class,EL-13735,Ed Ludwig,Home Office,Melbourne,Victoria,Australia,,APAC,Oceania,FUR-BO-10001255,Furniture,Bookcases,"Ikea Library with Doors, Mobile",2634.5519999999997,8,0.1,116.952,298.63,Medium
476,6,IN-2013-34170,2013-12-18,2013-12-25,Standard Class,FH-14275,Frank Hawley,Corporate,Palu,Sulawesi Tengah,Indonesia,,APAC,Southeast Asia,FUR-BO-10002990,Furniture,Bookcases,"Dania Library with Doors, Traditional",3707.352,11,0.07,1554.432,298.44,Medium
477,9,IN-2014-53427,2014-05-09,2014-05-15,Standard Class,LT-16765,Larry Tron,Consumer,Imphal,Manipur,India,,APAC,Central Asia,FUR-TA-10004711,Furniture,Tables,"Lesro Conference Table, Adjustable Height",4298.85,5,0.0,300.9,297.81,Low
478,5,IN-2014-41786,2014-07-04,2014-07-08,Standard Class,BN-11470,Brad Norvell,Corporate,Shenyang,Liaoning,China,,APAC,North Asia,OFF-AP-10002793,Office Supplies,Appliances,"KitchenAid Stove, Black",3417.4800000000005,6,0.0,854.28,297.2,Medium
479,3,ES-2012-1691714,2012-05-17,2012-05-21,Standard Class,BP-11230,Benjamin Patterson,Consumer,Barcelona,Catalonia,Spain,,EU,South,OFF-AP-10000584,Office Supplies,Appliances,"Breville Refrigerator, Silver",2080.3199999999997,4,0.0,561.5999999999999,296.98,High
480,12,IN-2011-51740,2011-08-03,2011-08-06,Second Class,DM-13525,Don Miller,Corporate,Muzaffarpur,Bihar,India,,APAC,Central Asia,TEC-PH-10000720,Technology,Phones,"Samsung Audio Dock, Full Size",840.6,5,0.0,319.34999999999997,296.68,Critical
481,2,CA-2013-107783,2013-07-29,2013-07-30,First Class,OT-18730,Olvera Toch,Consumer,Bethlehem,Pennsylvania,United States,18018.0,US,East,OFF-BI-10000545,Office Supplies,Binders,GBC Ibimaster 500 Manual ProClick Binding System,1369.7640000000001,6,0.7,-913.1759999999999,296.1,High
482,9,CD-2013-4900,2013-02-14,2013-02-16,Second Class,SM-10320,Sean Miller,Home Office,Koumra,Mandoul,Chad,,Africa,Africa,OFF-SME-10000538,Office Supplies,Storage,"Smead File Cart, Single Width",1288.8,10,0.0,90.0,296.08,Critical
483,1,IN-2012-63787,2012-05-23,2012-05-23,Same Day,PM-19135,Peter McVee,Home Office,Ballarat,Victoria,Australia,,APAC,Oceania,FUR-BO-10002736,Furniture,Bookcases,"Sauder Stackable Bookrack, Mobile",660.69,5,0.1,44.04000000000002,296.01,Critical
484,6,MW-2014-7130,2014-08-04,2014-08-09,Second Class,TS-11430,Tom Stivers,Corporate,Podgorica,Podgorica,Montenegro,,EMEA,EMEA,OFF-CUI-10000682,Office Supplies,Appliances,"Cuisinart Stove, Silver",3234.24,6,0.0,970.1999999999999,295.74,Medium
485,5,MX-2013-147690,2013-11-13,2013-11-18,Standard Class,TS-21340,Toby Swindell,Consumer,Ribeirão Preto,São Paulo,Brazil,,LATAM,South,TEC-PH-10002672,Technology,Phones,"Cisco Smart Phone, Full Size",2171.3,5,0.0,390.79999999999995,294.971,High
486,13,IN-2014-34317,2014-02-12,2014-02-14,Second Class,AM-10705,Anne McFarland,Consumer,Brisbane,Queensland,Australia,,APAC,Oceania,TEC-AC-10002244,Technology,Accessories,"Enermax Router, Erganomic",2074.7340000000004,9,0.1,276.534,294.73,Medium
487,12,MX-2014-127005,2014-11-11,2014-11-14,First Class,LS-17245,Lynn Smith,Consumer,Zapopan,Jalisco,Mexico,,LATAM,North,TEC-PH-10000018,Technology,Phones,"Nokia Smart Phone, Full Size",849.8000000000002,2,0.0,195.44,294.566,Critical
488,9,IN-2013-26519,2013-03-30,2013-04-01,First Class,DR-12940,Daniel Raglin,Home Office,Sydney,New South Wales,Australia,,APAC,Oceania,FUR-BO-10004852,Furniture,Bookcases,"Sauder Classic Bookcase, Traditional",1177.173,3,0.1,353.133,294.55,Medium
489,7,CA-2013-1260,2013-08-24,2013-08-26,Second Class,DW-3480,Dianna Wilson,Home Office,Guelph,Ontario,Canada,,Canada,Canada,TEC-HEW-10003829,Technology,Copiers,"Hewlett Wireless Fax, High-Speed",2270.34,6,0.0,1112.3999999999999,294.25,Medium
490,8,CA-2014-123967,2014-11-02,2014-11-04,Second Class,SF-20200,Sarah Foster,Consumer,Bellingham,Washington,United States,98226.0,US,West,FUR-TA-10003954,Furniture,Tables,Hon 94000 Series Round Tables,2665.62,9,0.0,239.9058000000001,294.17,Medium
491,3,IN-2013-57914,2013-08-19,2013-08-21,Second Class,CM-11815,Candace McMahon,Corporate,Lahore,Punjab,Pakistan,,APAC,Central Asia,TEC-PH-10000303,Technology,Phones,"Samsung Smart Phone, VoIP",2863.08,9,0.5,-458.19000000000005,293.78,Medium
492,2,ES-2014-2598901,2014-05-29,2014-05-31,Second Class,FG-14260,Frank Gastineau,Home Office,Bordeaux,Aquitaine,France,,EU,Central,OFF-AP-10001593,Office Supplies,Appliances,"Cuisinart Microwave, Red",1253.07,5,0.1,236.67,293.46,Critical
493,2,IR-2012-1470,2012-08-22,2012-08-29,Standard Class,KN-6705,Kristina Nunn,Home Office,Hamadan,Hamadan,Iran,,EMEA,EMEA,OFF-BRE-10001107,Office Supplies,Appliances,"Breville Stove, Red",3369.24,6,0.0,606.42,293.12,Low
494,3,WA-2014-7260,2014-07-05,2014-07-05,Same Day,TB-11520,Tracy Blumstein,Consumer,Windhoek,Khomas,Namibia,,Africa,Africa,TEC-MEM-10002005,Technology,Accessories,"Memorex Router, Erganomic",1464.1200000000001,6,0.0,439.19999999999993,293.07,High
495,10,IT-2012-2093927,2012-03-14,2012-03-17,First Class,GM-14440,Gary McGarr,Consumer,Eindhoven,North Brabant,Netherlands,,EU,Central,FUR-BO-10002708,Furniture,Bookcases,"Dania Library with Doors, Pine",1273.125,7,0.5,-993.1949999999999,291.93,High
496,8,CA-2014-113418,2014-10-02,2014-10-04,First Class,CM-12655,Corinna Mitchell,Home Office,New York City,New York,United States,10035.0,US,East,TEC-MA-10002428,Technology,Machines,Fellowes Powershred HS-440 4-Sheet High Security Shredder,1704.89,11,0.0,767.2004999999999,291.68,High
497,5,MX-2014-167325,2014-09-16,2014-09-18,First Class,JB-15400,Jennifer Braxton,Corporate,Quetzaltenango,Quezaltenango,Guatemala,,LATAM,Central,TEC-CO-10003655,Technology,Copiers,"Hewlett Wireless Fax, High-Speed",1258.7774,5,0.002,375.77739999999994,291.631,High
498,2,IN-2014-68057,2014-08-07,2014-08-12,Standard Class,JS-16030,Joy Smith,Consumer,Lahore,Punjab,Pakistan,,APAC,Central Asia,FUR-CH-10001271,Furniture,Chairs,"SAFCO Executive Leather Armchair, Red",2584.008,7,0.2,290.5980000000002,291.06,Medium
499,10,IN-2013-16999,2013-09-09,2013-09-09,Same Day,AM-10705,Anne McFarland,Consumer,Manila,National Capital,Philippines,,APAC,Southeast Asia,TEC-CO-10000447,Technology,Copiers,"Canon Wireless Fax, Color",1482.39,6,0.35,68.31000000000006,290.69,High
500,12,MX-2014-139164,2014-09-08,2014-09-11,First Class,SF-20200,Sarah Foster,Consumer,Antiguo Cuscatlán,La Libertad,El Salvador,,LATAM,Central,TEC-PH-10000018,Technology,Phones,"Nokia Smart Phone, Full Size",1274.7000000000003,3,0.0,293.16,290.523,Critical
501,4,CA-2011-145387,2011-10-31,2011-11-02,Second Class,AM-10705,Anne McFarland,Consumer,Cranston,Rhode Island,United States,2920.0,US,East,FUR-CH-10002320,Furniture,Chairs,Hon Pagoda Stacking Chairs,1604.9,5,0.0,481.4699999999999,289.82,Medium
502,13,MX-2012-131758,2012-10-17,2012-10-21,Standard Class,JF-15295,Jason Fortune-,Consumer,Guantánamo,Guantánamo,Cuba,,LATAM,Caribbean,FUR-CH-10001332,Furniture,Chairs,"Office Star Executive Leather Armchair, Red",2818.0799999999995,9,0.0,225.35999999999999,289.515,High
503,7,ID-2014-74238,2014-02-17,2014-02-18,First Class,KH-16510,Keith Herrera,Consumer,Bacolod City,Western Visayas,Philippines,,APAC,Southeast Asia,FUR-CH-10002573,Furniture,Chairs,"Office Star Executive Leather Armchair, Adjustable",1046.2499999999995,3,0.25,-111.59999999999985,289.32,High
504,13,IN-2012-27583,2012-02-24,2012-02-29,Standard Class,DL-13330,Denise Leinenbach,Consumer,Nagpur,Maharashtra,India,,APAC,Central Asia,TEC-PH-10001699,Technology,Phones,"Samsung Smart Phone, Full Size",3187.2000000000003,5,0.0,541.8,289.17,Medium
505,6,IN-2012-56073,2012-12-03,2012-12-10,Standard Class,KN-16390,Katherine Nockton,Corporate,Kwinana,Western Australia,Australia,,APAC,Oceania,FUR-CH-10000660,Furniture,Chairs,"Novimex Executive Leather Armchair, Adjustable",4099.679999999999,10,0.1,956.5800000000002,288.98,Medium
506,7,IN-2012-37698,2012-12-12,2012-12-14,First Class,SV-20935,Susan Vittorini,Consumer,Wuxi,Jiangsu,China,,APAC,North Asia,OFF-ST-10000704,Office Supplies,Storage,"Rogers File Cart, Blue",703.3500000000001,5,0.0,260.09999999999997,288.75,Critical
507,4,IN-2014-25063,2014-06-16,2014-06-21,Standard Class,MD-17860,Michael Dominguez,Corporate,Sydney,New South Wales,Australia,,APAC,Oceania,TEC-CO-10003354,Technology,Copiers,"Brother Fax Machine, Laser",2293.4880000000003,8,0.1,509.5680000000001,288.63,High
508,13,ES-2012-5420110,2012-12-20,2012-12-22,First Class,LS-17200,Luke Schmidt,Corporate,Deuil-la-Barre,Ile-de-France,France,,EU,Central,TEC-MA-10002918,Technology,Machines,"StarTech Card Printer, White",1238.6115,9,0.15,14.431499999999971,288.47,High
509,10,MX-2014-169313,2014-05-13,2014-05-17,Standard Class,JM-15865,John Murray,Consumer,Zapopan,Jalisco,Mexico,,LATAM,North,FUR-CH-10001588,Furniture,Chairs,"Hon Executive Leather Armchair, Red",1715.0559999999998,7,0.2,300.07600000000014,288.103,High
510,13,CA-2014-158729,2014-12-20,2014-12-22,First Class,AC-10450,Amy Cox,Consumer,Lafayette,Louisiana,United States,70506.0,US,South,OFF-SU-10002881,Office Supplies,Supplies,Martin Yale Chadless Opener Electric Letter Opener,1665.62,2,0.0,33.312400000000025,287.77,High
511,8,IN-2014-80286,2014-11-07,2014-11-11,Standard Class,CM-12445,Chuck Magee,Consumer,Wollongong,New South Wales,Australia,,APAC,Oceania,FUR-CH-10000051,Furniture,Chairs,"Harbour Creations Executive Leather Armchair, Black",2841.6599999999994,6,0.0,852.4799999999999,287.24,High
512,4,IT-2013-3695467,2013-06-10,2013-06-14,Standard Class,SS-20140,Saphhira Shifley,Corporate,Lisbon,Lisboa,Portugal,,EU,South,OFF-AP-10001623,Office Supplies,Appliances,"Hoover Stove, White",3399.66,12,0.5,-3059.8199999999997,286.87,Medium
513,13,IN-2012-75904,2012-05-10,2012-05-12,First Class,BW-11110,Bart Watters,Corporate,Jhansi,Uttar Pradesh,India,,APAC,Central Asia,TEC-MA-10001752,Technology,Machines,"Konica Printer, Durable",1607.7600000000002,6,0.0,482.22,286.74,High
514,1,IN-2013-71333,2013-09-13,2013-09-13,Same Day,JE-15610,Jim Epp,Corporate,Amravati,Maharashtra,India,,APAC,Central Asia,TEC-PH-10004006,Technology,Phones,"Nokia Audio Dock, Full Size",840.15,5,0.0,260.4,286.67,Critical
515,3,IN-2013-25560,2013-07-25,2013-07-28,First Class,GH-14425,Gary Hwang,Consumer,Wafangdian,Liaoning,China,,APAC,North Asia,FUR-BO-10000035,Furniture,Bookcases,"Dania Classic Bookcase, Pine",1236.33,3,0.0,519.21,286.57,Medium
516,6,IN-2014-25847,2014-10-11,2014-10-14,Second Class,JK-16090,Juliana Krohn,Consumer,Delhi,Delhi,India,,APAC,Central Asia,OFF-AP-10003275,Office Supplies,Appliances,"KitchenAid Microwave, Silver",2488.56,8,0.0,348.24,286.53,High
517,3,MX-2011-125045,2011-11-22,2011-11-25,First Class,SM-20320,Sean Miller,Home Office,San Juan de la Maguana,San Juan,Dominican Republic,,LATAM,Caribbean,OFF-AP-10003561,Office Supplies,Appliances,"Breville Microwave, Black",1124.2559999999999,7,0.2,252.89599999999996,286.463,Critical
518,1,CA-2013-128818,2013-05-08,2013-05-12,Standard Class,CJ-12010,Caroline Jumper,Consumer,New York City,New York,United States,10009.0,US,East,TEC-MA-10000488,Technology,Machines,Bady BDG101FRU Card Printer,3999.95,5,0.0,1159.9854999999998,286.44,Medium
519,5,US-2014-168046,2014-10-25,2014-10-25,Same Day,GR-14560,Georgia Rosenberg,Corporate,Mexico City,Distrito Federal,Mexico,,LATAM,North,FUR-TA-10004154,Furniture,Tables,"Lesro Round Table, Adjustable Height",726.72,3,0.2,-18.180000000000017,286.366,Critical
520,10,US-2012-100377,2012-08-28,2012-09-01,Standard Class,TS-21370,Todd Sumrall,Corporate,Chicago,Illinois,United States,60623.0,US,Central,TEC-CO-10001046,Technology,Copiers,Canon Imageclass D680 Copier / Fax,2799.9600000000005,5,0.2,874.9874999999998,286.3,Medium
521,12,MA-2013-1850,2013-10-14,2013-10-15,First Class,DH-3675,Duane Huffman,Home Office,Antananarivo,Analamanga,Madagascar,,Africa,Africa,TEC-STA-10003330,Technology,Machines,"StarTech Printer, Red",1519.9200000000003,6,0.0,653.4,286.2,Critical
522,7,RS-2011-3350,2011-02-14,2011-02-16,Second Class,MM-8280,Muhammed MacIntyre,Corporate,Ufa,Bashkortostan,Russia,,EMEA,EMEA,TEC-CAN-10000932,Technology,Copiers,"Canon Fax Machine, Color",1279.32,4,0.0,319.79999999999995,286.19,Critical
523,11,IN-2014-35983,2014-05-01,2014-05-01,Same Day,SW-20275,Scott Williamson,Consumer,Jamshedpur,Jharkhand,India,,APAC,Central Asia,FUR-CH-10000994,Furniture,Chairs,"Harbour Creations Rocking Chair, Black",723.3,5,0.0,122.85,286.01,Critical
524,7,IR-2011-7220,2011-03-11,2011-03-13,Second Class,PM-9135,Peter McVee,Home Office,Tehran,Tehran,Iran,,EMEA,EMEA,TEC-MOT-10003348,Technology,Phones,"Motorola Smart Phone, Full Size",642.6899999999999,1,0.0,244.20000000000002,285.83,Critical
525,10,IN-2012-50207,2012-08-03,2012-08-08,Standard Class,GH-14425,Gary Hwang,Consumer,Bendigo,Victoria,Australia,,APAC,Oceania,FUR-BO-10003783,Furniture,Bookcases,"Dania Library with Doors, Pine",2619.0,8,0.1,232.68000000000006,285.65,High
526,3,ID-2012-17601,2012-12-20,2012-12-23,First Class,JM-15865,John Murray,Consumer,Quetta,Baluchistan,Pakistan,,APAC,Central Asia,OFF-AP-10001329,Office Supplies,Appliances,"KitchenAid Stove, White",1704.87,6,0.5,-1023.0299999999997,285.61,Critical
527,9,ES-2012-2224678,2012-08-03,2012-08-07,Standard Class,CM-12115,Chad McGuire,Consumer,Rovigo,Veneto,Italy,,EU,South,TEC-CO-10004563,Technology,Copiers,"HP Copy Machine, Color",1715.9099999999999,7,0.0,583.38,285.12,High
528,4,IN-2012-50788,2012-06-20,2012-06-22,First Class,SC-20845,Sung Chung,Consumer,Shenyang,Liaoning,China,,APAC,North Asia,TEC-PH-10001751,Technology,Phones,"Samsung Smart Phone, Cordless",1278.0000000000002,2,0.0,460.08000000000004,284.81,High
529,1,MO-2013-60,2013-02-08,2013-02-09,First Class,GP-4740,Guy Phonely,Corporate,Casablanca,Grand Casablanca,Morocco,,Africa,Africa,OFF-HOO-10001783,Office Supplies,Appliances,"Hoover Microwave, Red",1234.56,4,0.0,246.84,284.7,Critical
530,2,ES-2011-5752766,2011-09-28,2011-10-03,Standard Class,AF-10870,Art Ferguson,Consumer,Ghent,East Flanders,Belgium,,EU,Central,OFF-AP-10003558,Office Supplies,Appliances,"Hoover Refrigerator, White",4195.2,8,0.0,839.04,284.51,Medium
531,6,IT-2012-5541212,2012-06-23,2012-06-26,Second Class,TS-21505,Tony Sayre,Consumer,Boulogne-Billancourt,Ile-de-France,France,,EU,Central,FUR-BO-10000170,Furniture,Bookcases,"Safco Library with Doors, Mobile",1765.3949999999998,5,0.1,-98.20499999999997,284.19,High
532,6,MX-2013-148453,2013-12-20,2013-12-22,First Class,CR-12730,Craig Reiter,Consumer,Soacha,Cundinamarca,Colombia,,LATAM,South,FUR-TA-10002101,Furniture,Tables,"Bevis Conference Table, Fully Assembled",1480.368,3,0.2,333.04800000000006,283.928,Medium
533,3,MX-2012-153157,2012-10-11,2012-10-14,First Class,FH-14365,Fred Hopkins,Corporate,Puebla,Puebla,Mexico,,LATAM,North,TEC-PH-10000419,Technology,Phones,"Apple Smart Phone, Full Size",2968.9799999999996,7,0.0,89.03999999999999,283.685,Medium
534,9,ID-2011-66475,2011-08-29,2011-09-05,Standard Class,BM-11575,Brendan Murry,Corporate,Brisbane,Queensland,Australia,,APAC,Oceania,FUR-TA-10001494,Furniture,Tables,"Lesro Wood Table, Adjustable Height",2301.138,7,0.3,-953.442,283.36,Low
535,3,ES-2014-5295631,2014-07-18,2014-07-18,Same Day,AH-10030,Aaron Hawkins,Corporate,Vienna,Vienna,Austria,,EU,Central,FUR-BO-10001165,Furniture,Bookcases,"Bush Library with Doors, Mobile",1100.52,3,0.0,352.0799999999999,283.25,Critical
536,5,IN-2011-76758,2011-12-06,2011-12-13,Standard Class,AG-10495,Andrew Gjertsen,Corporate,Xiangtan,Hunan,China,,APAC,North Asia,TEC-CO-10000562,Technology,Copiers,"HP Wireless Fax, Digital",2518.9500000000003,7,0.0,553.98,283.09,Medium
537,12,ES-2014-1015287,2014-04-16,2014-04-16,Same Day,BN-11470,Brad Norvell,Corporate,Dudley,England,United Kingdom,,EU,North,FUR-BO-10003697,Furniture,Bookcases,"Safco Floating Shelf Set, Mobile",996.3,5,0.0,119.55,282.58,Critical
538,3,CA-2014-136308,2014-11-17,2014-11-17,Same Day,MW-18235,Mitch Willingham,Corporate,San Francisco,California,United States,94122.0,US,West,TEC-MA-10000488,Technology,Machines,Bady BDG101FRU Card Printer,1919.976,3,0.2,215.99729999999977,282.43,High
539,9,AU-2011-0,2011-09-02,2011-09-02,Same Day,AG-675,Anna Gayman,Consumer,Vienna,Vienna,Austria,,EMEA,EMEA,FUR-HON-10003871,Furniture,Tables,"Hon Conference Table, Fully Assembled",922.9499999999999,1,0.0,341.49,282.09,Critical
540,11,ES-2013-2003988,2013-08-01,2013-08-02,First Class,SW-20755,Steven Ward,Corporate,Ris-Orangis,Ile-de-France,France,,EU,Central,FUR-BO-10003103,Furniture,Bookcases,"Ikea Classic Bookcase, Metal",1850.445,5,0.1,184.995,281.82,High
541,11,MX-2014-113845,2014-09-12,2014-09-14,First Class,CS-12460,Chuck Sachs,Consumer,Managua,Managua,Nicaragua,,LATAM,Central,FUR-BO-10001946,Furniture,Bookcases,"Sauder 3-Shelf Cabinet, Metal",664.56,6,0.0,6.6,281.743,Critical
542,8,ES-2014-1356130,2014-08-06,2014-08-07,First Class,SK-19990,Sally Knutson,Consumer,Levallois-Perret,Ile-de-France,France,,EU,Central,TEC-AC-10004849,Technology,Accessories,"SanDisk Router, Programmable",1547.1,6,0.0,340.2,280.54,Critical
543,13,IN-2014-34632,2014-11-20,2014-11-23,First Class,MP-18175,Mike Pelletier,Home Office,Ho Chi Minh City,Ho Chí Minh City,Vietnam,,APAC,Southeast Asia,OFF-AP-10003621,Office Supplies,Appliances,"KitchenAid Refrigerator, Red",2190.9509999999996,5,0.17,316.7010000000001,280.47,Medium
544,9,MX-2012-111178,2012-05-04,2012-05-09,Standard Class,AG-10900,Arthur Gainer,Consumer,Mexico City,Distrito Federal,Mexico,,LATAM,North,OFF-AP-10001106,Office Supplies,Appliances,"Hamilton Beach Stove, White",3242.88,9,0.0,324.18,279.53000000000003,Medium
545,12,MO-2012-100,2012-08-27,2012-08-31,Standard Class,AJ-960,Astrea Jones,Consumer,Casablanca,Grand Casablanca,Morocco,,Africa,Africa,TEC-SAM-10004785,Technology,Phones,"Samsung Smart Phone, with Caller ID",2544.6000000000004,4,0.0,1246.8000000000002,279.11,High
546,4,UP-2013-910,2013-12-24,2013-12-29,Second Class,MC-7275,Marc Crier,Consumer,Luts'k,Volyn,Ukraine,,EMEA,EMEA,TEC-CIS-10002344,Technology,Phones,"Cisco Smart Phone, Full Size",2605.56,4,0.0,573.12,278.98,Medium
547,10,IT-2013-2494403,2013-01-29,2013-01-31,Second Class,JF-15295,Jason Fortune-,Consumer,Madrid,Madrid,Spain,,EU,South,OFF-ST-10004267,Office Supplies,Storage,"Smead File Cart, Single Width",1271.4569999999999,11,0.1,-127.41299999999997,278.75,High
548,1,CA-2013-162236,2013-11-05,2013-11-07,Second Class,ER-13855,Elpida Rittenbach,Corporate,Charlotte,North Carolina,United States,28205.0,US,South,FUR-TA-10002533,Furniture,Tables,BPI Conference Tables,876.3000000000001,10,0.4,-292.10000000000014,278.5,Critical
549,6,SA-2011-1830,2011-12-27,2011-12-29,Second Class,MM-7260,Magdelene Morse,Consumer,Jizan,Jizan,Saudi Arabia,,EMEA,EMEA,TEC-STA-10003386,Technology,Machines,"StarTech Inkjet, Wireless",1207.5600000000002,4,0.0,0.0,278.34,Critical
550,1,IN-2012-44068,2012-11-30,2012-12-04,Second Class,EJ-13720,Ed Jacobs,Consumer,Singapore,Singapore,Singapore,,APAC,Southeast Asia,FUR-BO-10004043,Furniture,Bookcases,"Dania Classic Bookcase, Metal",2051.1000000000004,5,0.0,40.949999999999996,278.13,High
551,3,MX-2013-137330,2013-05-21,2013-05-23,Second Class,MS-17365,Maribeth Schnelling,Consumer,San Salvador,San Salvador,El Salvador,,LATAM,Central,TEC-PH-10001712,Technology,Phones,"Nokia Smart Phone, Full Size",2544.24,6,0.0,992.1599999999999,277.925,High
552,12,CA-2011-108609,2011-10-31,2011-11-02,Second Class,AJ-10780,Anthony Jacobs,Corporate,Lorain,Ohio,United States,44052.0,US,East,FUR-TA-10003954,Furniture,Tables,Hon 94000 Series Round Tables,1421.664,8,0.4,-734.5264,277.66,Critical
553,12,ES-2014-1393638,2014-06-27,2014-06-28,First Class,DH-13675,Duane Huffman,Home Office,Stoke-on-Trent,England,United Kingdom,,EU,North,FUR-BO-10000259,Furniture,Bookcases,"Safco Classic Bookcase, Traditional",1314.45,3,0.0,341.73,277.29,Medium
554,3,CA-2011-164973,2011-11-04,2011-11-09,Standard Class,NM-18445,Nathan Mautz,Home Office,New York City,New York,United States,10024.0,US,East,TEC-MA-10002927,Technology,Machines,Canon imageCLASS MF7460 Monochrome Digital Laser Multifunction Copier,3991.98,2,0.0,1995.99,276.89,High
555,1,MX-2013-105585,2013-07-25,2013-07-28,First Class,HE-14800,Harold Engle,Corporate,São Paulo,São Paulo,Brazil,,LATAM,South,FUR-TA-10004801,Furniture,Tables,"Hon Conference Table, Rectangular",980.3199999999999,2,0.2,110.28000000000006,276.713,Medium
556,12,CA-2011-116666,2011-05-08,2011-05-10,First Class,KT-16480,Kean Thornton,Consumer,Philadelphia,Pennsylvania,United States,19134.0,US,East,TEC-CO-10001449,Technology,Copiers,Hewlett Packard LaserJet 3310 Copier,1799.9699999999998,5,0.4,239.9960000000001,276.7,Medium
557,9,IN-2011-33183,2011-10-27,2011-10-29,Second Class,SB-20170,Sarah Bern,Consumer,Huaibei,Anhui,China,,APAC,North Asia,FUR-BO-10004771,Furniture,Bookcases,"Ikea Classic Bookcase, Traditional",2470.5,6,0.0,518.76,276.29,Medium
558,2,CA-2013-139997,2013-07-02,2013-07-04,First Class,EM-14140,Eugene Moren,Home Office,Lehi,Utah,United States,84043.0,US,West,TEC-CO-10000971,Technology,Copiers,Hewlett Packard 310 Color Digital Copier,1499.95,5,0.0,449.9849999999999,276.23,Medium
559,8,IN-2012-83471,2012-12-26,2012-12-27,First Class,VT-21700,Valerie Takahito,Home Office,Masterton,Wellington,New Zealand,,APAC,Oceania,FUR-BO-10001370,Furniture,Bookcases,"Sauder Classic Bookcase, Mobile",877.02,2,0.0,105.24,275.91,Critical
560,8,US-2012-126214,2012-12-21,2012-12-24,Second Class,JS-15880,John Stevenson,Consumer,Seattle,Washington,United States,98103.0,US,West,FUR-TA-10003748,Furniture,Tables,Bevis 36 x 72 Conference Tables,1618.37,13,0.0,356.04139999999995,275.6,High
561,6,IN-2012-80391,2012-05-07,2012-05-10,First Class,BC-11125,Becky Castell,Home Office,Whangarei,Northland,New Zealand,,APAC,Oceania,TEC-CO-10002122,Technology,Copiers,"Hewlett Fax Machine, Digital",1917.3600000000001,6,0.0,747.72,275.57,Medium
562,9,IN-2011-19330,2011-01-08,2011-01-12,Second Class,NF-18595,Nicole Fjeld,Home Office,Kunming,Yunnan,China,,APAC,North Asia,TEC-MA-10002468,Technology,Machines,"Panasonic Inkjet, White",2173.5000000000005,7,0.0,260.82,275.52,Medium
563,2,CA-2013-147256,2013-10-18,2013-10-22,Second Class,FC-14245,Frank Carlisle,Home Office,Columbia,Missouri,United States,65203.0,US,Central,OFF-AP-10003057,Office Supplies,Appliances,Honeywell Enviracaire Portable HEPA Air Cleaner for 16' x 20' Room,1927.5900000000001,7,0.0,751.7601000000001,274.82,High
564,11,CA-2012-8790,2012-07-07,2012-07-09,First Class,RH-9600,Rob Haberlin,Consumer,Vancouver,British Columbia,Canada,,Canada,Canada,OFF-BRE-10002706,Office Supplies,Appliances,"Breville Microwave, White",1799.1,6,0.0,593.64,274.75,High
565,6,IT-2011-4752666,2011-06-18,2011-06-20,Second Class,RB-19330,Randy Bradley,Consumer,Pamplona,Navarra,Spain,,EU,South,FUR-BO-10004388,Furniture,Bookcases,"Ikea Library with Doors, Metal",1814.25,5,0.0,653.1,274.63,High
566,3,ES-2012-2287053,2012-01-10,2012-01-11,First Class,CS-11950,Carlos Soltero,Consumer,Haninge,Stockholm,Sweden,,EU,North,OFF-AP-10004201,Office Supplies,Appliances,"Breville Refrigerator, White",1293.6749999999997,5,0.5,-776.3249999999997,274.58,Critical
567,8,ES-2014-4472745,2014-02-11,2014-02-15,Standard Class,BW-11110,Bart Watters,Corporate,Oviedo,Asturias,Spain,,EU,South,OFF-AP-10004511,Office Supplies,Appliances,"Cuisinart Refrigerator, Black",2477.55,5,0.0,1040.5500000000002,273.88,High
568,7,CA-2013-155845,2013-08-13,2013-08-16,Second Class,CM-12235,Chris McAfee,Consumer,Carrollton,Texas,United States,75007.0,US,Central,TEC-AC-10004145,Technology,Accessories,Logitech diNovo Edge Keyboard,1399.9440000000002,7,0.2,52.497900000000016,273.79,High
569,9,IN-2012-53420,2012-04-12,2012-04-14,Second Class,LW-16825,Laurel Workman,Corporate,Nasik,Maharashtra,India,,APAC,Central Asia,TEC-CO-10004961,Technology,Copiers,"HP Wireless Fax, Color",723.3,2,0.0,332.70000000000005,273.63,Critical
570,8,ES-2014-5474746,2014-01-03,2014-01-04,Same Day,RD-19585,Rob Dowd,Consumer,Torrevieja,Valenciana,Spain,,EU,South,TEC-CO-10004089,Technology,Copiers,"Canon Copy Machine, Laser",2097.1200000000003,8,0.0,188.64000000000001,273.57,High
571,9,CA-2013-110492,2013-02-12,2013-02-14,First Class,JS-15880,John Stevenson,Consumer,Atlanta,Georgia,United States,30318.0,US,South,OFF-ST-10003716,Office Supplies,Storage,Tennsco Double-Tier Lockers,1350.1200000000001,6,0.0,175.5156,273.44,Critical
572,10,IN-2014-58460,2014-12-13,2014-12-19,Standard Class,BT-11680,Brian Thompson,Consumer,Ube,Yamaguchi,Japan,,APAC,North Asia,OFF-AP-10000675,Office Supplies,Appliances,"Hamilton Beach Stove, White",3242.88,6,0.0,421.56000000000006,271.59,Medium
573,9,US-2014-102890,2014-07-01,2014-07-01,Same Day,SG-20470,Sheri Gordon,Consumer,New York City,New York,United States,10011.0,US,East,FUR-TA-10000577,Furniture,Tables,Bretford CR4500 Series Slim Rectangular Table,1044.6299999999999,5,0.4,-295.97849999999994,271.32,High
574,12,CA-2014-141789,2014-10-04,2014-10-07,First Class,AC-10450,Amy Cox,Consumer,Minneapolis,Minnesota,United States,55407.0,US,Central,OFF-BI-10001359,Office Supplies,Binders,GBC DocuBind TL300 Electric Binding System,1793.98,2,0.0,843.1705999999999,271.12,Medium
575,3,IT-2014-2185471,2014-10-07,2014-10-08,First Class,TB-21175,Thomas Boland,Corporate,Pozzuoli,Campania,Italy,,EU,South,FUR-BO-10003559,Furniture,Bookcases,"Sauder Stackable Bookrack, Pine",597.36,4,0.0,226.92000000000002,271.01,Critical
576,7,UP-2013-1070,2013-06-20,2013-06-24,Standard Class,MD-7860,Michael Dominguez,Corporate,Poltava,Poltava,Ukraine,,EMEA,EMEA,OFF-HAM-10004896,Office Supplies,Appliances,"Hamilton Beach Microwave, Red",3955.14,14,0.0,1383.9,270.65,High
577,11,IN-2014-79544,2014-07-11,2014-07-14,First Class,JH-16180,Justin Hirsh,Consumer,Depok,Yogyakarta,Indonesia,,APAC,Southeast Asia,FUR-BO-10004842,Furniture,Bookcases,"Dania 3-Shelf Cabinet, Pine",796.8240000000001,6,0.07,231.264,270.56,High
578,3,ES-2014-3535439,2014-04-24,2014-04-27,Second Class,CC-12145,Charles Crestani,Consumer,Regensburg,Bavaria,Germany,,EU,Central,TEC-AC-10003506,Technology,Accessories,"Enermax Router, Erganomic",2305.26,9,0.0,922.05,270.26,Medium
579,2,MX-2011-134705,2011-05-04,2011-05-08,Standard Class,XP-21865,Xylona Preis,Consumer,Mejicanos,San Salvador,El Salvador,,LATAM,Central,FUR-TA-10003926,Furniture,Tables,"Hon Wood Table, with Bottom Storage",2833.7599999999998,10,0.2,35.35999999999986,269.94,High
580,4,IN-2011-10055,2011-10-06,2011-10-10,Standard Class,TS-21370,Todd Sumrall,Corporate,Visakhapatnam,Andhra Pradesh,India,,APAC,Central Asia,OFF-AP-10003598,Office Supplies,Appliances,"Breville Refrigerator, Red",2077.3199999999997,4,0.0,581.64,269.89,Medium
581,3,MX-2014-157077,2014-11-12,2014-11-16,Standard Class,ML-17410,Maris LaWare,Consumer,Camagüey,Camagüey,Cuba,,LATAM,Caribbean,FUR-BO-10002300,Furniture,Bookcases,"Dania Classic Bookcase, Traditional",1916.8799999999999,7,0.0,939.26,269.764,High
582,7,MX-2014-124744,2014-12-17,2014-12-19,First Class,MY-18295,Muhammed Yedwab,Corporate,Matagalpa,Matagalpa,Nicaragua,,LATAM,Central,FUR-BO-10004472,Furniture,Bookcases,"Dania Library with Doors, Pine",1212.5,5,0.0,606.2,269.525,Critical
583,2,CA-2014-122490,2014-11-14,2014-11-19,Standard Class,TT-21070,Ted Trevino,Consumer,Seattle,Washington,United States,98103.0,US,West,FUR-CH-10001215,Furniture,Chairs,Global Troy Executive Leather Low-Back Tilter,2404.704,6,0.2,150.29399999999998,269.03,Medium
584,10,ES-2013-1706935,2013-04-05,2013-04-08,First Class,BS-11665,Brian Stugart,Consumer,Clamart,Ile-de-France,France,,EU,Central,TEC-PH-10001066,Technology,Phones,"Apple Smart Phone, Cordless",1622.5649999999996,3,0.15,133.60499999999996,268.19,Medium
585,9,IN-2014-81154,2014-09-19,2014-09-19,Same Day,NL-18310,Nancy Lomonaco,Home Office,Christchurch,Canterbury,New Zealand,,APAC,Oceania,TEC-CO-10000847,Technology,Copiers,"Canon Personal Copier, Laser",856.44,6,0.0,222.66,268.13,Critical
586,7,US-2013-126452,2013-08-22,2013-08-29,Standard Class,SC-20230,Scot Coram,Corporate,Los Angeles,California,United States,90004.0,US,West,FUR-TA-10003569,Furniture,Tables,Bretford CR8500 Series Meeting Room Furniture,2887.0560000000005,9,0.2,180.44099999999992,268.1,Low
587,2,IT-2014-3335279,2014-07-10,2014-07-14,Second Class,CA-11965,Carol Adams,Corporate,Garbsen,Lower Saxony,Germany,,EU,Central,FUR-BO-10002812,Furniture,Bookcases,"Sauder 3-Shelf Cabinet, Pine",1361.0430000000003,9,0.1,196.53299999999996,268.04,High
588,8,IN-2014-78186,2014-10-06,2014-10-12,Standard Class,QJ-19255,Quincy Jones,Corporate,Jixi,Heilongjiang,China,,APAC,North Asia,TEC-CO-10002035,Technology,Copiers,"Canon Wireless Fax, High-Speed",3391.7400000000002,9,0.0,271.08,267.93,Medium
589,3,MX-2013-101077,2013-06-01,2013-06-07,Standard Class,RE-19450,Richard Eichhorn,Consumer,Santo Domingo,Santo Domingo,Dominican Republic,,LATAM,Caribbean,TEC-PH-10002815,Technology,Phones,"Samsung Smart Phone, VoIP",2375.2960000000007,7,0.2,-207.8440000000002,267.784,Low
590,8,SF-2012-9340,2012-08-20,2012-08-22,First Class,CP-2085,Cathy Prescott,Corporate,Potchefstroom,North-West,South Africa,,Africa,Africa,FUR-SAU-10001776,Furniture,Bookcases,"Sauder Stackable Bookrack, Pine",889.0200000000001,6,0.0,320.04,267.64,Critical
591,9,RS-2011-7040,2011-08-30,2011-08-30,Same Day,JK-5730,Joe Kamberova,Consumer,Vladimir,Vladimir,Russia,,EMEA,EMEA,FUR-CHR-10002686,Furniture,Tables,"Chromcraft Computer Table, Adjustable Height",1782.48,4,0.0,873.36,266.4,High
592,12,ES-2012-5708011,2012-12-04,2012-12-05,First Class,HZ-14950,Henia Zydlo,Consumer,Bordeaux,Aquitaine,France,,EU,Central,TEC-CO-10000660,Technology,Copiers,"Hewlett Copy Machine, Color",667.7684999999999,3,0.15,274.91850000000005,266.02,Critical
593,11,ID-2014-42262,2014-10-13,2014-10-18,Standard Class,AR-10570,Anemone Ratner,Consumer,Perth,Western Australia,Australia,,APAC,Oceania,TEC-CO-10004170,Technology,Copiers,"HP Wireless Fax, High-Speed",1612.8449999999998,5,0.1,394.245,266.0,High
594,4,IT-2013-4354136,2013-12-19,2013-12-21,Second Class,EH-14005,Erica Hernandez,Home Office,Burgos,Castile and León,Spain,,EU,South,OFF-ST-10001478,Office Supplies,Storage,"Tenex File Cart, Single Width",845.208,7,0.1,-9.492000000000019,265.85,Critical
595,4,IN-2012-29130,2012-06-16,2012-06-22,Standard Class,JR-15700,Jocasta Rupert,Consumer,Kollam,Kerala,India,,APAC,Central Asia,OFF-AP-10003275,Office Supplies,Appliances,"KitchenAid Microwave, Silver",2799.63,9,0.0,391.77,265.46,Medium
596,2,IN-2013-47071,2013-08-20,2013-08-20,Same Day,PL-18925,Paul Lucas,Home Office,Yangon,Yangon,Myanmar (Burma),,APAC,Southeast Asia,OFF-AP-10003275,Office Supplies,Appliances,"KitchenAid Microwave, Silver",1549.1285999999998,6,0.17,-56.1114,265.14,Critical
597,5,MX-2012-132038,2012-06-21,2012-06-25,Standard Class,TC-21145,Theresa Coyne,Corporate,Mexico City,Distrito Federal,Mexico,,LATAM,North,TEC-PH-10004074,Technology,Phones,"Samsung Smart Phone, with Caller ID",1696.4,4,0.0,67.84,264.88800000000003,High
598,3,MX-2012-167892,2012-05-23,2012-05-25,First Class,DG-13300,Deirdre Greer,Corporate,Mexico City,Distrito Federal,Mexico,,LATAM,North,OFF-AP-10004031,Office Supplies,Appliances,"Hamilton Beach Microwave, White",935.5,5,0.0,168.3,264.428,Medium
599,12,ES-2013-4477075,2013-04-30,2013-05-03,First Class,LW-16990,Lindsay Williams,Corporate,Bondy,Ile-de-France,France,,EU,Central,TEC-MA-10004535,Technology,Machines,"Konica Printer, White",2036.8125000000002,9,0.15,359.30249999999995,263.82,Medium
600,4,ES-2012-5168556,2012-06-15,2012-06-15,Same Day,Dl-13600,Dorris liebe,Corporate,Mont-de-Marsan,Aquitaine,France,,EU,Central,TEC-AC-10001566,Technology,Accessories,"Logitech Router, Erganomic",980.5200000000001,4,0.0,176.39999999999998,263.71,High
601,5,ES-2013-4100927,2013-12-18,2013-12-22,Standard Class,SC-20095,Sanjit Chand,Consumer,Lyon,Rhône-Alpes,France,,EU,Central,TEC-CO-10002174,Technology,Copiers,"HP Copy Machine, Laser",1654.6439999999998,8,0.15,681.204,263.47,High
602,3,CA-2014-131254,2014-11-20,2014-11-22,First Class,NC-18415,Nathan Cano,Consumer,Houston,Texas,United States,77095.0,US,Central,OFF-BI-10003527,Office Supplies,Binders,Fellowes PB500 Electric Punch Plastic Comb Binding Machine with Manual Bind,1525.1879999999996,6,0.8,-2287.782,263.47,High
603,11,ID-2014-29032,2014-07-21,2014-07-25,Standard Class,EB-13930,Eric Barreto,Consumer,Depok,Jawa Barat,Indonesia,,APAC,Southeast Asia,FUR-CH-10003232,Furniture,Chairs,"Harbour Creations Executive Leather Armchair, Adjustable",2063.7684,6,0.27,141.1884,263.01,High
604,12,MO-2013-60,2013-02-08,2013-02-09,First Class,GP-4740,Guy Phonely,Corporate,Casablanca,Grand Casablanca,Morocco,,Africa,Africa,TEC-CIS-10001938,Technology,Phones,"Cisco Audio Dock, VoIP",1457.28,8,0.0,568.3199999999999,262.66,Critical
605,11,IN-2011-33183,2011-10-27,2011-10-29,Second Class,SB-20170,Sarah Bern,Consumer,Huaibei,Anhui,China,,APAC,North Asia,TEC-CO-10003901,Technology,Copiers,"HP Copy Machine, Color",1693.23,7,0.0,829.5,262.52,Medium
606,4,US-2014-167402,2014-01-14,2014-01-19,Second Class,CP-12085,Cathy Prescott,Corporate,Springfield,Missouri,United States,65807.0,US,Central,OFF-SU-10002881,Office Supplies,Supplies,Martin Yale Chadless Opener Electric Letter Opener,4164.049999999999,5,0.0,83.28100000000006,262.42,Medium
607,2,MX-2013-140382,2013-02-26,2013-03-01,First Class,SM-20005,Sally Matthias,Consumer,Santo André,São Paulo,Brazil,,LATAM,South,FUR-TA-10001229,Furniture,Tables,"Chromcraft Computer Table, Rectangular",1411.2,6,0.2,405.7200000000001,262.111,Medium
608,13,IT-2011-3410434,2011-11-26,2011-11-30,Standard Class,JR-15670,Jim Radford,Consumer,Menden,North Rhine-Westphalia,Germany,,EU,Central,OFF-AP-10001623,Office Supplies,Appliances,"Hoover Stove, White",2039.796,4,0.1,-113.364,262.11,High
609,2,IN-2012-51810,2012-08-20,2012-08-24,Standard Class,CM-12160,Charles McCrossin,Consumer,Beijing,Beijing,China,,APAC,North Asia,TEC-PH-10001457,Technology,Phones,"Apple Smart Phone, Full Size",5737.5,9,0.0,630.99,261.87,Medium
610,7,IN-2012-76408,2012-05-24,2012-05-28,Standard Class,DL-12925,Daniel Lacy,Consumer,Wollongong,New South Wales,Australia,,APAC,Oceania,TEC-CO-10002283,Technology,Copiers,"Brother Copy Machine, Color",1641.087,7,0.1,473.907,261.52,High
611,5,MX-2011-115686,2011-11-04,2011-11-08,Standard Class,FM-14290,Frank Merwin,Home Office,Spanish Town,Saint Catherine,Jamaica,,LATAM,Caribbean,FUR-BO-10000728,Furniture,Bookcases,"Ikea Classic Bookcase, Mobile",1380.8999999999994,5,0.0,303.7,261.262,High
612,6,IN-2011-17594,2011-09-22,2011-09-27,Second Class,DP-13165,David Philippe,Consumer,Thane,Maharashtra,India,,APAC,Central Asia,TEC-PH-10001751,Technology,Phones,"Samsung Smart Phone, Cordless",1917.0000000000005,3,0.0,690.1200000000001,261.08,High
613,11,IN-2013-85662,2013-10-17,2013-10-19,Second Class,CK-12595,Clytie Kelty,Consumer,Taupo,Waikato,New Zealand,,APAC,Oceania,FUR-BO-10001309,Furniture,Bookcases,"Ikea Classic Bookcase, Traditional",823.5,2,0.0,172.92000000000002,260.6,Critical
614,8,CA-2013-168354,2013-09-20,2013-09-22,First Class,RH-19510,Rick Huthwaite,Home Office,Providence,Rhode Island,United States,2908.0,US,East,FUR-CH-10004675,Furniture,Chairs,"Lifetime Advantage Folding Chairs, 4/Carton",872.32,4,0.0,244.2496,260.38,High
615,12,IN-2013-42269,2013-06-05,2013-06-09,Standard Class,GM-14440,Gary McGarr,Consumer,Fengcheng,Liaoning,China,,APAC,North Asia,TEC-PH-10000030,Technology,Phones,"Samsung Smart Phone, with Caller ID",3180.7500000000005,5,0.0,1081.3500000000001,260.29,Medium
616,3,ES-2013-5114628,2013-05-14,2013-05-16,Second Class,CM-11830,Cari MacIntyre,Corporate,Vernon,Upper Normandy,France,,EU,Central,TEC-MA-10004609,Technology,Machines,"Okidata Inkjet, White",2910.1875000000005,11,0.15,-68.72250000000014,259.97,High
617,6,CA-2011-126683,2011-09-29,2011-10-01,Second Class,PP-18955,Paul Prost,Home Office,Seattle,Washington,United States,98115.0,US,West,FUR-TA-10002958,Furniture,Tables,"Bevis Oval Conference Table, Walnut",2348.82,9,0.0,399.29939999999976,259.81,High
618,7,CA-2014-167752,2014-01-16,2014-01-19,First Class,RW-19690,Robert Waldorf,Consumer,Philadelphia,Pennsylvania,United States,19134.0,US,East,OFF-AP-10002945,Office Supplies,Appliances,Honeywell Enviracaire Portable HEPA Air Cleaner for 17' x 22' Room,1924.1599999999999,8,0.2,312.67599999999993,259.62,High
619,7,IN-2013-52552,2013-10-21,2013-10-24,Second Class,MM-17260,Magdelene Morse,Consumer,Tianjin,Tianjin,China,,APAC,North Asia,TEC-PH-10003891,Technology,Phones,"Cisco Audio Dock, with Caller ID",910.3499999999999,5,0.0,391.34999999999997,259.57,Critical
620,13,ES-2014-2648154,2014-08-11,2014-08-14,First Class,ME-17320,Maria Etezadi,Home Office,Stoke-on-Trent,England,United Kingdom,,EU,North,FUR-TA-10002786,Furniture,Tables,"Lesro Computer Table, Fully Assembled",856.6800000000001,2,0.0,274.08,259.34,Critical
621,9,MX-2013-115742,2013-05-04,2013-05-08,Standard Class,CS-12490,Cindy Schnelling,Corporate,Chihuahua,Chihuahua,Mexico,,LATAM,North,FUR-CH-10000843,Furniture,Chairs,"SAFCO Executive Leather Armchair, Set of Two",1731.0719999999997,7,0.2,-238.02799999999996,259.24899999999997,High
622,12,IT-2013-1659438,2013-07-15,2013-07-15,Same Day,GH-14410,Gary Hansen,Home Office,Elx,Valenciana,Spain,,EU,South,TEC-PH-10003513,Technology,Phones,"Nokia Speaker Phone, VoIP",1330.992,12,0.1,-103.608,259.12,Critical
623,3,CA-2011-167199,2011-01-07,2011-01-11,Standard Class,ME-17320,Maria Etezadi,Home Office,Henderson,Kentucky,United States,42420.0,US,South,FUR-CH-10004063,Furniture,Chairs,Global Deluxe High-Back Manager's Chair,2573.82,9,0.0,746.4077999999997,258.99,High
624,6,MX-2014-107181,2014-12-02,2014-12-06,Second Class,MC-17635,Matthew Clasen,Corporate,Santa Cruz de Barahona,Barahona,Dominican Republic,,LATAM,Caribbean,TEC-AC-10000203,Technology,Accessories,"SanDisk Router, Bluetooth",1914.0799999999995,14,0.2,669.7600000000002,258.96,Medium
625,1,MX-2014-124002,2014-01-08,2014-01-13,Standard Class,VT-21700,Valerie Takahito,Home Office,Brasília,Federal District,Brazil,,LATAM,South,TEC-PH-10000419,Technology,Phones,"Apple Smart Phone, Full Size",3393.12,8,0.0,101.76,258.835,Medium
626,5,US-2014-165456,2014-12-01,2014-12-04,First Class,TB-21625,Trudy Brown,Consumer,Philadelphia,Pennsylvania,United States,19134.0,US,East,FUR-CH-10003981,Furniture,Chairs,Global Commerce Series Low-Back Swivel/Tilt Chairs,1079.316,6,0.3,-15.418800000000203,258.42,Critical
627,3,IN-2014-25091,2014-06-27,2014-06-27,Same Day,SJ-20215,Sarah Jordon,Consumer,Lanzhou,Gansu,China,,APAC,North Asia,TEC-CO-10004961,Technology,Copiers,"HP Wireless Fax, Color",1446.6,4,0.0,665.4000000000001,258.02,High
628,2,IN-2011-24832,2011-03-12,2011-03-17,Standard Class,CD-11920,Carlos Daly,Consumer,Shanghai,Shanghai,China,,APAC,North Asia,FUR-CH-10002250,Furniture,Chairs,"Office Star Executive Leather Armchair, Black",3272.0099999999998,7,0.0,1537.83,257.63,Medium
629,5,ID-2013-71522,2013-01-15,2013-01-21,Standard Class,TA-21385,Tom Ashbrook,Home Office,Manila,National Capital,Philippines,,APAC,Southeast Asia,OFF-AP-10000487,Office Supplies,Appliances,"Hoover Stove, Silver",3386.859,7,0.15000000000000002,-597.681,257.24,Low
630,3,IT-2011-2051710,2011-11-19,2011-11-21,Second Class,DJ-13420,Denny Joy,Corporate,Bologna,Emilia-Romagna,Italy,,EU,South,TEC-PH-10003683,Technology,Phones,"Motorola Audio Dock, VoIP",728.532,7,0.4,-133.72799999999995,257.16,Critical
631,1,IN-2012-60126,2012-08-28,2012-09-02,Second Class,DP-13105,Dave Poirier,Corporate,Alice Springs,Northern Territory,Australia,,APAC,Oceania,OFF-AP-10003500,Office Supplies,Appliances,"KitchenAid Microwave, White",2498.526,9,0.1,499.4460000000001,257.16,Medium
632,4,QA-2014-940,2014-12-24,2014-12-28,Standard Class,LM-7065,Liz MacKendrick,Consumer,Doha,Ad Dawhah,Qatar,,EMEA,EMEA,TEC-MOT-10000554,Technology,Phones,"Motorola Smart Phone, Full Size",2575.92,4,0.0,772.6800000000001,256.87,High
633,4,ES-2012-2930191,2012-06-16,2012-06-20,Standard Class,AR-10510,Andrew Roberts,Consumer,Velletri,Lazio,Italy,,EU,South,FUR-BO-10000490,Furniture,Bookcases,"Bush Library with Doors, Metal",2546.46,7,0.0,381.78,256.7,High
634,5,IN-2013-50214,2013-07-11,2013-07-15,Standard Class,JH-15910,Jonathan Howell,Consumer,Matsubara,Oita,Japan,,APAC,North Asia,FUR-BO-10001749,Furniture,Bookcases,"Bush Classic Bookcase, Traditional",2888.76,7,0.0,173.25,256.64,Medium
635,5,IN-2012-33288,2012-05-22,2012-05-25,Second Class,PC-19000,Pauline Chand,Home Office,Kuantan,Pahang,Malaysia,,APAC,Southeast Asia,TEC-AC-10003753,Technology,Accessories,"SanDisk Router, Programmable",1031.3999999999999,4,0.0,185.64000000000001,256.26,High
636,8,ES-2014-2565448,2014-08-05,2014-08-09,Standard Class,CM-12235,Chris McAfee,Consumer,Gloucester,England,United Kingdom,,EU,North,TEC-PH-10000037,Technology,Phones,"Cisco Signal Booster, Cordless",1237.44,8,0.0,74.16,255.92,High
637,6,CG-2014-4630,2014-08-12,2014-08-15,Second Class,DK-3375,Dennis Kane,Consumer,Kinshasa,Kinshasa,Democratic Republic of the Congo,,Africa,Africa,TEC-STA-10003447,Technology,Machines,"StarTech Printer, White",1018.3200000000002,4,0.0,183.24,255.69,Critical
638,5,ES-2012-4765389,2012-12-26,2012-12-28,Second Class,NM-18520,Neoma Murray,Consumer,Vigo,Galicia,Spain,,EU,South,OFF-SU-10000076,Office Supplies,Supplies,"Acme Trimmer, Easy Grip",600.6,13,0.0,131.82,255.57,Critical
639,11,ES-2013-2453999,2013-01-05,2013-01-10,Standard Class,EG-13900,Emily Grady,Consumer,Puteaux,Ile-de-France,France,,EU,Central,FUR-BO-10004999,Furniture,Bookcases,"Safco Classic Bookcase, Metal",2756.943,7,0.1,1163.8830000000003,255.56,Medium
640,1,ID-2014-68183,2014-12-29,2014-12-31,First Class,AH-10075,Adam Hart,Corporate,Geelong,Victoria,Australia,,APAC,Oceania,OFF-AP-10003032,Office Supplies,Appliances,"Hoover Stove, Red",1534.8690000000001,3,0.1,-102.41100000000003,255.42,Medium
641,8,IN-2013-48324,2013-02-27,2013-03-04,Standard Class,DK-12895,Dana Kaydos,Consumer,Jakarta,Jakarta,Indonesia,,APAC,Southeast Asia,TEC-CO-10003819,Technology,Copiers,"Sharp Copy Machine, High-Speed",1781.1359999999997,8,0.07,-134.064,255.36,High
642,1,IN-2013-83191,2013-12-16,2013-12-20,Standard Class,AS-10630,Ann Steele,Home Office,Whakatane,Bay of Plenty,New Zealand,,APAC,Oceania,TEC-PH-10002962,Technology,Phones,"Motorola Smart Phone, Full Size",6439.8,10,0.0,2447.1,255.36,Medium
643,1,US-2012-158323,2012-07-04,2012-07-04,Same Day,CL-11890,Carl Ludwig,Consumer,Açu,Rio Grande do Norte,Brazil,,LATAM,South,TEC-PH-10000808,Technology,Phones,"Samsung Smart Phone, Cordless",1363.2000000000003,8,0.6,-1806.2400000000005,255.173,Critical
644,11,ES-2012-3552576,2012-08-20,2012-08-24,Standard Class,CA-12265,Christina Anderson,Consumer,Colchester,England,United Kingdom,,EU,North,FUR-CH-10002585,Furniture,Chairs,"Harbour Creations Executive Leather Armchair, Black",3315.2699999999995,7,0.0,961.38,254.92,High
645,7,CA-2013-162355,2013-07-01,2013-07-03,Second Class,PF-19165,Philip Fox,Consumer,Sandy Springs,Georgia,United States,30328.0,US,South,FUR-BO-10004695,Furniture,Bookcases,O'Sullivan 2-Door Barrister Bookcase in Odessa Pine,1266.86,7,0.0,291.37779999999987,254.77,Critical
646,10,ES-2012-5359319,2012-07-03,2012-07-07,Standard Class,DB-12970,Darren Budd,Corporate,Montpellier,Languedoc-Roussillon,France,,EU,Central,TEC-MA-10003557,Technology,Machines,"Panasonic Inkjet, Durable",2123.0280000000002,8,0.15,124.7879999999999,254.54,High
647,3,ES-2014-3182169,2014-11-29,2014-12-04,Standard Class,PC-19000,Pauline Chand,Home Office,Wetzlar,Hesse,Germany,,EU,Central,TEC-CO-10001191,Technology,Copiers,"Sharp Wireless Fax, High-Speed",2478.84,7,0.0,272.58,254.47,Medium
648,13,IN-2011-52209,2011-04-08,2011-04-13,Standard Class,VS-21820,Vivek Sundaresam,Consumer,Perth,Western Australia,Australia,,APAC,Oceania,OFF-AP-10003795,Office Supplies,Appliances,"Hoover Refrigerator, Red",1894.536,4,0.1,505.17600000000004,254.37,High
649,9,CA-2013-106530,2013-05-09,2013-05-09,Same Day,CL-12565,Clay Ludtke,Consumer,Cleveland,Ohio,United States,44105.0,US,East,OFF-ST-10002011,Office Supplies,Storage,Smead Adjustable Mobile File Trolley with Lockable Top,1006.056,3,0.2,88.02990000000005,254.13,Critical
650,9,US-2013-140158,2013-10-05,2013-10-09,Standard Class,DR-12940,Daniel Raglin,Home Office,Providence,Rhode Island,United States,2908.0,US,East,TEC-CO-10001449,Technology,Copiers,Hewlett Packard LaserJet 3310 Copier,5399.91,9,0.0,2591.9568,254.03,Medium
651,7,IN-2012-14920,2012-11-19,2012-11-23,Standard Class,JR-15670,Jim Radford,Consumer,Shashi,Hubei,China,,APAC,North Asia,TEC-CO-10003102,Technology,Copiers,"Canon Copy Machine, Color",1317.8999999999999,5,0.0,0.0,253.95,High
652,7,ES-2014-1972860,2014-09-01,2014-09-01,Same Day,NF-18475,Neil Französisch,Home Office,Moers,North Rhine-Westphalia,Germany,,EU,Central,TEC-CO-10001839,Technology,Copiers,"Hewlett Fax and Copier, Laser",1350.0900000000001,7,0.0,256.41,253.73,Critical
653,12,IN-2013-73608,2013-11-04,2013-11-08,Second Class,MF-17665,Maureen Fritzler,Corporate,Chaoyang,Jilin,China,,APAC,North Asia,TEC-MA-10002148,Technology,Machines,"Epson Printer, Durable",1839.18,7,0.0,238.98000000000002,253.5,High
654,9,CA-2013-129630,2013-09-05,2013-09-05,Same Day,IM-15055,Ionia McGrath,Consumer,San Francisco,California,United States,94122.0,US,West,TEC-CO-10003763,Technology,Copiers,Canon PC1060 Personal Laser Copier,2799.9600000000005,5,0.2,944.9864999999999,253.33,High
655,8,ES-2013-1776729,2013-11-19,2013-11-24,Standard Class,EB-13930,Eric Barreto,Consumer,Rugby,England,United Kingdom,,EU,North,TEC-PH-10004823,Technology,Phones,"Nokia Smart Phone, Full Size",1908.1800000000003,3,0.0,820.44,253.26,High
656,9,MX-2014-116267,2014-12-31,2015-01-03,Second Class,EB-13975,Erica Bern,Corporate,São Paulo,São Paulo,Brazil,,LATAM,South,TEC-CO-10000137,Technology,Copiers,"Canon Wireless Fax, Color",1264.466,5,0.002,301.466,253.254,High
657,6,CA-2013-103982,2013-03-04,2013-03-09,Standard Class,AA-10315,Alex Avila,Consumer,Round Rock,Texas,United States,78664.0,US,Central,OFF-SU-10000151,Office Supplies,Supplies,High Speed Automatic Electric Letter Opener,3930.072,3,0.2,-786.0144000000003,253.2,Medium
658,10,ES-2012-4934238,2012-02-02,2012-02-05,First Class,JH-15820,John Huston,Consumer,Hamburg,Hamburg,Germany,,EU,Central,TEC-PH-10004910,Technology,Phones,"Samsung Signal Booster, Full Size",965.16,7,0.0,463.25999999999993,253.09,High
659,10,IT-2013-5930911,2013-03-19,2013-03-19,Same Day,MV-17485,Mark Van Huff,Consumer,Saint-Chamond,Rhône-Alpes,France,,EU,Central,OFF-ST-10000288,Office Supplies,Storage,"Fellowes Lockers, Industrial",748.116,4,0.1,282.51599999999996,253.03,Critical
660,6,ES-2012-2674466,2012-03-21,2012-03-23,Second Class,JW-15955,Joni Wasserman,Consumer,Fontenay-aux-Roses,Ile-de-France,France,,EU,Central,FUR-BO-10004844,Furniture,Bookcases,"Sauder Corner Shelving, Mobile",943.8660000000002,7,0.1,209.70599999999996,252.9,Critical
661,12,IN-2014-54708,2014-05-24,2014-05-29,Second Class,LA-16780,Laura Armstrong,Corporate,Baotou,Inner Mongolia,China,,APAC,North Asia,FUR-BO-10001822,Furniture,Bookcases,"Dania Library with Doors, Metal",1447.44,4,0.0,43.32,252.36,Medium
662,10,ES-2013-5085939,2013-06-14,2013-06-16,First Class,FM-14215,Filia McAdams,Corporate,Prato,Tuscany,Italy,,EU,South,TEC-AC-10003265,Technology,Accessories,"Belkin Router, Bluetooth",1552.5,6,0.0,62.10000000000001,252.17,Medium
